Pay_ID,Cost,Type,Total,BillDate,TotPackagingNum,CardHolderName,CCV,ExpDate,isPrepaid
1437817038,14,Contract,913,2/2/2019,55971,null,null,null,no
395188062,10,Prepaid,null,null,null,null,null,null,yes
193950388,10,Prepaid,null,null,null,null,null,null,yes
1030745464,14,Contract,620,6/30/2019,57153,null,null,null,no
449687780,1,Contract,446,2/2/2019,88853,null,null,null,no
465960528,12,Credit Card,null,null,null,Aaron,462,10/9/2020,no
1854290537,10,Prepaid,null,null,null,null,null,null,yes
1716326767,4,Credit Card,null,null,null,Josh,986,6/30/2021,no
1918132814,11,Credit Card,null,null,null,Rick,693,10/9/2020,no
996558874,13,Prepaid,null,null,null,null,null,null,yes
33566538,10,Prepaid,null,null,null,null,null,null,yes
1917433880,17,Credit Card,null,null,null,Rick,617,4/3/2021,no
922349061,13,Prepaid,null,null,null,null,null,null,yes
1602325537,11,Prepaid,null,null,null,null,null,null,yes
215328964,1,Credit Card,null,null,null,Matt,947,4/2/2020,no
1561113873,15,Contract,662,3/25/2019,57692,null,null,null,no
1084371993,1,Prepaid,null,null,null,null,null,null,yes
1075019528,16,Credit Card,null,null,null,Matt,735,7/9/2020,no
378664351,1,Contract,423,4/20/2019,94730,null,null,null,no
1477063392,9,Credit Card,null,null,null,Felix,171,1/1/2020,no
878577822,9,Credit Card,null,null,null,Patrick,983,4/3/2021,no
765564495,8,Credit Card,null,null,null,Ryan,999,6/30/2021,no
1765053427,17,Credit Card,null,null,null,Felix,266,6/30/2021,no
143336551,9,Contract,181,1/1/2019,58907,null,null,null,no
245034292,14,Credit Card,null,null,null,Ryan,377,3/25/2020,no
2138506261,1,Credit Card,null,null,null,Isaiah,369,6/30/2021,no
935571146,8,Prepaid,null,null,null,null,null,null,yes
1725766518,7,Prepaid,null,null,null,null,null,null,yes
266377522,20,Prepaid,null,null,null,null,null,null,yes
459631870,14,Contract,742,6/30/2019,40334,null,null,null,no
924490580,15,Prepaid,null,null,null,null,null,null,yes
272086650,5,Credit Card,null,null,null,Ben,521,4/3/2020,no
942053999,9,Contract,582,1/1/2019,59054,null,null,null,no
1307040303,12,Credit Card,null,null,null,Ryan,399,12/23/2021,no
1611706305,1,Credit Card,null,null,null,Patrick,206,6/30/2021,no
1933965140,11,Credit Card,null,null,null,Josh,400,7/9/2020,no
1189542060,10,Credit Card,null,null,null,Patrick,248,12/23/2021,no
580618614,15,Contract,288,6/30/2019,82725,null,null,null,no
20999615,13,Credit Card,null,null,null,Brian,949,3/3/2020,no
1184167237,12,Contract,897,3/6/2019,43952,null,null,null,no
53962145,17,Credit Card,null,null,null,Ben,744,4/3/2020,no
760896903,20,Contract,260,4/2/2019,43941,null,null,null,no
1492949648,20,Prepaid,null,null,null,null,null,null,yes
227441669,16,Credit Card,null,null,null,Ben,1087,12/23/2021,no
1174479779,17,Contract,164,7/9/2019,33487,null,null,null,no
771543137,6,Contract,137,2/2/2019,32196,null,null,null,no
2097184454,14,Contract,375,5/6/2019,41211,null,null,null,no
591219187,18,Credit Card,null,null,null,Rick,878,1/1/2020,no
294153454,16,Contract,471,10/9/2019,103937,null,null,null,no
537225680,5,Prepaid,null,null,null,null,null,null,yes
247605150,5,Prepaid,null,null,null,null,null,null,yes
855752550,18,Credit Card,null,null,null,Isaiah,377,10/9/2020,no
125224341,1,Contract,370,10/9/2019,19037,null,null,null,no
844487691,15,Credit Card,null,null,null,Allan,564,4/3/2020,no
1285628919,8,Prepaid,null,null,null,null,null,null,yes
163115297,4,Credit Card,null,null,null,Josh,823,3/3/2020,no
1848132099,7,Contract,438,12/23/2019,36325,null,null,null,no
699271293,8,Contract,424,3/3/2019,93646,null,null,null,no
1058658029,18,Contract,783,6/30/2019,89191,null,null,null,no
583348197,7,Credit Card,null,null,null,Ryan,1041,1/1/2020,no
2108845101,17,Contract,964,3/3/2019,99440,null,null,null,no
221728417,12,Prepaid,null,null,null,null,null,null,yes
223156759,18,Contract,576,3/6/2019,93626,null,null,null,no
1527133985,19,Credit Card,null,null,null,Michael,824,3/6/2021,no
1973162326,18,Credit Card,null,null,null,Ryan,477,10/9/2020,no
1793238790,12,Prepaid,null,null,null,null,null,null,yes
1194166617,18,Prepaid,null,null,null,null,null,null,yes
826299589,7,Prepaid,null,null,null,null,null,null,yes
136831614,20,Contract,978,10/9/2019,59757,null,null,null,no
1611017330,11,Credit Card,null,null,null,Josh,874,3/3/2020,no
18838118,17,Prepaid,null,null,null,null,null,null,yes
1255472180,11,Credit Card,null,null,null,Ricky,1032,1/1/2020,no
67662184,14,Prepaid,null,null,null,null,null,null,yes
26137891,4,Credit Card,null,null,null,Ryan,933,3/25/2020,no
1651376597,2,Credit Card,null,null,null,Isaiah,459,4/2/2020,no
35935832,15,Credit Card,null,null,null,Allan,220,3/3/2020,no
133346375,4,Prepaid,null,null,null,null,null,null,yes
1080376880,9,Contract,728,4/3/2019,51482,null,null,null,no
1833428959,13,Prepaid,null,null,null,null,null,null,yes
815169743,5,Contract,127,4/20/2019,26847,null,null,null,no
1970067972,12,Credit Card,null,null,null,Aaron,455,4/2/2020,no
2121304847,14,Contract,986,12/23/2019,88402,null,null,null,no
1302286003,16,Prepaid,null,null,null,null,null,null,yes
574901826,12,Contract,278,5/6/2019,22024,null,null,null,no
873060654,7,Credit Card,null,null,null,Noah,335,2/2/2021,no
1561361199,12,Contract,382,4/2/2019,11435,null,null,null,no
1609342070,7,Credit Card,null,null,null,Brian,593,6/30/2021,no
262306263,15,Contract,679,7/9/2019,55254,null,null,null,no
413057919,9,Contract,848,9/10/2019,30099,null,null,null,no
1192753093,18,Prepaid,null,null,null,null,null,null,yes
1997609690,1,Prepaid,null,null,null,null,null,null,yes
261054396,9,Credit Card,null,null,null,Isaiah,940,4/2/2020,no
193300487,1,Credit Card,null,null,null,Rick,222,9/10/2021,no
543390629,9,Credit Card,null,null,null,Isaiah,765,12/23/2021,no
17710682,5,Prepaid,null,null,null,null,null,null,yes
1490185444,8,Credit Card,null,null,null,Ricky,545,3/6/2021,no
1045523960,13,Credit Card,null,null,null,Michael,450,4/3/2020,no
674944838,20,Credit Card,null,null,null,Ben,803,3/6/2021,no
781707023,2,Credit Card,null,null,null,Isaiah,901,4/2/2020,no
1453168591,20,Contract,131,4/2/2019,16180,null,null,null,no
924070413,11,Prepaid,null,null,null,null,null,null,yes
1742992104,6,Credit Card,null,null,null,Matt,1051,1/1/2020,no
1431541042,19,Contract,530,4/3/2019,109024,null,null,null,no
1930712193,17,Contract,653,12/23/2019,39429,null,null,null,no
169300119,10,Contract,201,9/10/2019,67736,null,null,null,no
742674641,20,Contract,136,4/2/2019,68671,null,null,null,no
628894511,8,Contract,301,7/9/2019,63534,null,null,null,no
174101908,1,Contract,983,4/20/2019,39775,null,null,null,no
1364960805,4,Prepaid,null,null,null,null,null,null,yes
441004466,12,Contract,174,4/2/2019,18196,null,null,null,no
1900115810,9,Prepaid,null,null,null,null,null,null,yes
1737854057,4,Credit Card,null,null,null,Felix,1070,7/9/2020,no
468332751,20,Contract,394,4/3/2019,77660,null,null,null,no
2116705577,9,Prepaid,null,null,null,null,null,null,yes
3432304,1,Credit Card,null,null,null,Ben,809,4/2/2020,no
2074671738,6,Credit Card,null,null,null,Matt,116,3/6/2021,no
1755536415,19,Contract,407,1/1/2019,109969,null,null,null,no
999927904,18,Contract,228,3/3/2019,34156,null,null,null,no
117712709,20,Contract,298,3/25/2019,25735,null,null,null,no
558302667,20,Credit Card,null,null,null,Noah,936,3/25/2020,no
224846237,8,Prepaid,null,null,null,null,null,null,yes
951170258,9,Prepaid,null,null,null,null,null,null,yes
1096740261,5,Credit Card,null,null,null,Felix,1064,9/10/2021,no
995205759,3,Contract,486,4/3/2019,33987,null,null,null,no
449112054,18,Prepaid,null,null,null,null,null,null,yes
420978990,4,Contract,375,4/2/2019,34967,null,null,null,no
2022643825,20,Credit Card,null,null,null,Noah,640,4/20/2021,no
110871431,6,Prepaid,null,null,null,null,null,null,yes
378120904,15,Contract,635,5/6/2019,88298,null,null,null,no
2120828500,18,Credit Card,null,null,null,Kevin,293,4/20/2021,no
1863387769,8,Credit Card,null,null,null,Noah,1092,3/25/2020,no
453092469,16,Contract,188,7/9/2019,106866,null,null,null,no
1862243597,2,Contract,511,3/3/2019,99171,null,null,null,no
1154845308,8,Contract,445,4/3/2019,56209,null,null,null,no
729292024,17,Contract,470,7/9/2019,42157,null,null,null,no
1333960303,9,Contract,589,9/10/2019,77542,null,null,null,no
2052610081,17,Contract,909,4/3/2019,78107,null,null,null,no
382088310,4,Prepaid,null,null,null,null,null,null,yes
19887792,4,Credit Card,null,null,null,Josh,795,4/20/2021,no
227940927,14,Prepaid,null,null,null,null,null,null,yes
132917617,6,Contract,864,1/1/2019,96890,null,null,null,no
1525410060,20,Contract,488,7/9/2019,87221,null,null,null,no
1133705891,4,Prepaid,null,null,null,null,null,null,yes
1488736646,19,Prepaid,null,null,null,null,null,null,yes
478605506,20,Credit Card,null,null,null,Ben,573,4/3/2020,no
283729027,4,Contract,136,12/23/2019,66175,null,null,null,no
1764108395,5,Credit Card,null,null,null,Ryan,321,2/2/2021,no
2036642065,1,Contract,356,2/2/2019,76930,null,null,null,no
1919799579,18,Credit Card,null,null,null,Isaiah,832,3/6/2021,no
1885919809,2,Contract,323,5/6/2019,74930,null,null,null,no
619866167,8,Contract,946,2/2/2019,87418,null,null,null,no
1489948228,5,Contract,749,2/2/2019,51720,null,null,null,no
1438914129,12,Credit Card,null,null,null,Noah,531,3/3/2020,no
347563144,11,Contract,540,4/2/2019,105578,null,null,null,no
1492376674,3,Prepaid,null,null,null,null,null,null,yes
1135083954,16,Credit Card,null,null,null,Kevin,115,1/1/2020,no
891105581,2,Credit Card,null,null,null,Ryan,865,3/25/2020,no
372428384,10,Credit Card,null,null,null,Kevin,956,3/3/2020,no
764637873,15,Credit Card,null,null,null,Patrick,330,3/6/2021,no
1106696399,18,Prepaid,null,null,null,null,null,null,yes
1157237819,3,Credit Card,null,null,null,Felix,408,2/2/2021,no
386683283,12,Contract,205,7/9/2019,14898,null,null,null,no
1495174953,8,Credit Card,null,null,null,Josh,148,7/9/2020,no
361148605,10,Credit Card,null,null,null,Felix,616,9/10/2021,no
1447732018,10,Prepaid,null,null,null,null,null,null,yes
137839314,6,Credit Card,null,null,null,Patrick,819,4/3/2020,no
2056800907,12,Prepaid,null,null,null,null,null,null,yes
1201204290,20,Credit Card,null,null,null,Rick,627,9/10/2021,no
2020697851,15,Prepaid,null,null,null,null,null,null,yes
368289269,8,Prepaid,null,null,null,null,null,null,yes
986046061,4,Prepaid,null,null,null,null,null,null,yes
407262939,6,Credit Card,null,null,null,Allan,1034,6/30/2021,no
1431607391,1,Contract,646,3/6/2019,65449,null,null,null,no
1935574112,9,Credit Card,null,null,null,Allan,235,3/25/2020,no
1150777590,12,Credit Card,null,null,null,Noah,771,4/3/2020,no
1825728233,1,Credit Card,null,null,null,Michael,681,5/6/2020,no
1516397394,8,Contract,275,3/6/2019,62032,null,null,null,no
1441662849,9,Prepaid,null,null,null,null,null,null,yes
78139958,2,Contract,104,3/25/2019,69932,null,null,null,no
660287754,4,Prepaid,null,null,null,null,null,null,yes
246359254,16,Credit Card,null,null,null,Felix,215,1/1/2020,no
853375349,19,Credit Card,null,null,null,Michael,565,5/6/2020,no
1780776224,11,Prepaid,null,null,null,null,null,null,yes
887881347,15,Prepaid,null,null,null,null,null,null,yes
1361175950,13,Credit Card,null,null,null,Ben,638,3/25/2020,no
1366126026,6,Credit Card,null,null,null,Michael,907,4/2/2020,no
529567269,10,Contract,571,9/10/2019,99531,null,null,null,no
1009096921,17,Credit Card,null,null,null,Patrick,186,1/1/2020,no
815379168,1,Prepaid,null,null,null,null,null,null,yes
2141090911,14,Contract,927,3/6/2019,30138,null,null,null,no
525783405,14,Prepaid,null,null,null,null,null,null,yes
93224063,8,Credit Card,null,null,null,Joel,261,3/6/2021,no
2075599045,12,Credit Card,null,null,null,Ben,583,3/3/2020,no
667998312,5,Credit Card,null,null,null,Matt,185,4/3/2021,no
1077897908,3,Credit Card,null,null,null,Allan,1069,7/9/2020,no
542000297,10,Prepaid,null,null,null,null,null,null,yes
1226825264,15,Contract,389,3/3/2019,16215,null,null,null,no
1251609998,16,Prepaid,null,null,null,null,null,null,yes
1823758528,12,Prepaid,null,null,null,null,null,null,yes
96125502,14,Prepaid,null,null,null,null,null,null,yes
1615259160,13,Contract,203,4/2/2019,107401,null,null,null,no
1497926963,12,Prepaid,null,null,null,null,null,null,yes
1518859899,4,Contract,848,9/10/2019,31690,null,null,null,no
1087524845,5,Credit Card,null,null,null,Ricky,624,1/1/2020,no
211973924,2,Prepaid,null,null,null,null,null,null,yes
1561920979,10,Credit Card,null,null,null,Joel,1001,5/6/2020,no
797193137,10,Prepaid,null,null,null,null,null,null,yes
1134957911,8,Credit Card,null,null,null,Isaiah,315,2/2/2021,no
1113693170,13,Prepaid,null,null,null,null,null,null,yes
19652230,15,Prepaid,null,null,null,null,null,null,yes
1257398118,4,Prepaid,null,null,null,null,null,null,yes
1290799978,11,Credit Card,null,null,null,Ricky,500,2/2/2021,no
1053142533,5,Prepaid,null,null,null,null,null,null,yes
1610100898,18,Prepaid,null,null,null,null,null,null,yes
690945493,5,Credit Card,null,null,null,Aaron,332,2/2/2021,no
784053197,2,Contract,830,12/23/2019,59340,null,null,null,no
736157001,8,Credit Card,null,null,null,Brian,124,4/20/2021,no
141130109,12,Credit Card,null,null,null,Ryan,440,12/23/2021,no
1507509249,11,Credit Card,null,null,null,Ricky,1043,4/3/2021,no
558208375,20,Contract,261,1/1/2019,93585,null,null,null,no
641820227,1,Prepaid,null,null,null,null,null,null,yes
354903632,17,Credit Card,null,null,null,Isaiah,875,4/2/2020,no
1525773050,16,Credit Card,null,null,null,Josh,111,4/3/2020,no
2049224795,4,Contract,258,4/3/2019,37053,null,null,null,no
2074198233,8,Prepaid,null,null,null,null,null,null,yes
1977302070,8,Contract,279,4/20/2019,44979,null,null,null,no
1151397039,16,Credit Card,null,null,null,Isaiah,968,1/1/2020,no
1485978174,17,Credit Card,null,null,null,Matt,792,5/6/2020,no
649114043,16,Credit Card,null,null,null,Ricky,875,5/6/2020,no
1555856980,17,Credit Card,null,null,null,Josh,936,3/3/2020,no
1858501738,5,Credit Card,null,null,null,Josh,122,5/6/2020,no
1196889768,11,Prepaid,null,null,null,null,null,null,yes
168347757,13,Contract,590,7/9/2019,96401,null,null,null,no
308712468,12,Contract,398,3/6/2019,20645,null,null,null,no
387837164,14,Prepaid,null,null,null,null,null,null,yes
950770680,12,Credit Card,null,null,null,Ryan,1052,4/3/2021,no
35484659,5,Credit Card,null,null,null,Aaron,322,2/2/2021,no
286478729,3,Contract,741,7/9/2019,56674,null,null,null,no
1175299621,19,Credit Card,null,null,null,Isaiah,1063,4/20/2021,no
122509202,2,Contract,692,4/3/2019,47439,null,null,null,no
601651224,17,Credit Card,null,null,null,Aaron,424,4/3/2021,no
183657463,17,Credit Card,null,null,null,Isaiah,1084,1/1/2020,no
1362406544,5,Prepaid,null,null,null,null,null,null,yes
324510516,2,Prepaid,null,null,null,null,null,null,yes
1587883354,4,Prepaid,null,null,null,null,null,null,yes
1536410730,14,Contract,884,12/23/2019,70541,null,null,null,no
1913846825,18,Contract,177,5/6/2019,13597,null,null,null,no
1411841383,17,Contract,286,4/3/2019,56095,null,null,null,no
1084462453,4,Contract,181,3/3/2019,32876,null,null,null,no
307982980,19,Contract,192,7/9/2019,88364,null,null,null,no
435312908,5,Contract,777,7/9/2019,109038,null,null,null,no
400307985,20,Credit Card,null,null,null,Brian,273,1/1/2020,no
2067000970,16,Prepaid,null,null,null,null,null,null,yes
1574361429,10,Contract,862,2/2/2019,37624,null,null,null,no
1513967531,11,Contract,709,4/3/2019,55010,null,null,null,no
471050279,9,Contract,39,4/3/2019,67265,null,null,null,no
1918111468,14,Credit Card,null,null,null,Ben,470,9/10/2021,no
1102078050,7,Contract,996,4/20/2019,73481,null,null,null,no
458473132,19,Credit Card,null,null,null,Matt,706,3/3/2020,no
2067119487,10,Contract,689,3/6/2019,79447,null,null,null,no
15889288,10,Contract,860,3/6/2019,75188,null,null,null,no
1761856200,10,Contract,89,4/3/2019,72291,null,null,null,no
659022941,18,Prepaid,null,null,null,null,null,null,yes
1367953859,2,Credit Card,null,null,null,Aaron,478,7/9/2020,no
415206126,1,Credit Card,null,null,null,Ryan,642,3/6/2021,no
354297466,4,Prepaid,null,null,null,null,null,null,yes
258247125,17,Contract,883,3/6/2019,57415,null,null,null,no
1241867138,10,Credit Card,null,null,null,Ricky,1004,3/25/2020,no
363095808,13,Prepaid,null,null,null,null,null,null,yes
2136878503,2,Contract,581,2/2/2019,79396,null,null,null,no
848070056,1,Credit Card,null,null,null,Patrick,905,4/20/2021,no
1944509024,7,Contract,872,4/3/2019,15084,null,null,null,no
1674223413,2,Credit Card,null,null,null,Patrick,490,5/6/2020,no
1746279479,1,Contract,919,4/2/2019,63066,null,null,null,no
151875654,16,Prepaid,null,null,null,null,null,null,yes
677916014,1,Credit Card,null,null,null,Isaiah,696,3/25/2020,no
1037290891,18,Credit Card,null,null,null,Allan,1055,3/3/2020,no
35527539,20,Prepaid,null,null,null,null,null,null,yes
872612848,13,Credit Card,null,null,null,Matt,982,9/10/2021,no
650370197,10,Prepaid,null,null,null,null,null,null,yes
605794311,5,Contract,956,12/23/2019,45554,null,null,null,no
995526084,17,Contract,602,4/2/2019,51742,null,null,null,no
411451992,20,Contract,470,3/6/2019,90359,null,null,null,no
956813099,17,Contract,490,3/25/2019,77826,null,null,null,no
1011259626,10,Contract,543,4/3/2019,44929,null,null,null,no
936076435,6,Prepaid,null,null,null,null,null,null,yes
960174549,14,Contract,839,4/3/2019,99443,null,null,null,no
894355880,20,Prepaid,null,null,null,null,null,null,yes
1385068402,19,Credit Card,null,null,null,Isaiah,270,4/2/2020,no
1537124944,1,Prepaid,null,null,null,null,null,null,yes
352379968,5,Prepaid,null,null,null,null,null,null,yes
1574325362,17,Credit Card,null,null,null,Isaiah,779,2/2/2021,no
1859871561,9,Credit Card,null,null,null,Noah,812,4/2/2020,no
1165281935,18,Contract,410,2/2/2019,70976,null,null,null,no
322287982,9,Prepaid,null,null,null,null,null,null,yes
1245334996,12,Contract,518,3/6/2019,21439,null,null,null,no
324613263,20,Credit Card,null,null,null,Aaron,560,12/23/2021,no
804745804,5,Contract,320,2/2/2019,108052,null,null,null,no
314715977,6,Contract,733,3/3/2019,62271,null,null,null,no
33906957,20,Contract,336,3/6/2019,72722,null,null,null,no
797594239,3,Credit Card,null,null,null,Noah,618,4/20/2021,no
1195131471,20,Prepaid,null,null,null,null,null,null,yes
1621279117,5,Contract,215,12/23/2019,84779,null,null,null,no
1406860421,13,Prepaid,null,null,null,null,null,null,yes
1248887488,3,Prepaid,null,null,null,null,null,null,yes
177835434,18,Contract,884,4/3/2019,15412,null,null,null,no
1585298205,10,Contract,256,4/3/2019,69758,null,null,null,no
501920026,5,Contract,938,3/25/2019,97955,null,null,null,no
2061968202,18,Credit Card,null,null,null,Josh,275,4/20/2021,no
1792097888,16,Contract,556,6/30/2019,99502,null,null,null,no
631773951,8,Contract,121,4/2/2019,26259,null,null,null,no
2134262937,11,Prepaid,null,null,null,null,null,null,yes
458676467,15,Credit Card,null,null,null,Ricky,991,4/2/2020,no
1335501344,12,Prepaid,null,null,null,null,null,null,yes
1013550843,5,Contract,527,3/3/2019,106394,null,null,null,no
715243849,3,Prepaid,null,null,null,null,null,null,yes
203512981,9,Prepaid,null,null,null,null,null,null,yes
1217528110,20,Credit Card,null,null,null,Isaiah,288,4/3/2020,no
32980427,20,Contract,390,3/6/2019,100507,null,null,null,no
1810082976,13,Contract,124,3/6/2019,43701,null,null,null,no
1730457822,9,Prepaid,null,null,null,null,null,null,yes
547815779,14,Credit Card,null,null,null,Joel,266,3/3/2020,no
589216511,10,Prepaid,null,null,null,null,null,null,yes
1146926873,2,Contract,666,3/25/2019,67342,null,null,null,no
1092594356,16,Credit Card,null,null,null,Noah,105,4/3/2021,no
908916555,10,Prepaid,null,null,null,null,null,null,yes
160833136,13,Credit Card,null,null,null,Matt,862,7/9/2020,no
901863197,2,Contract,76,4/2/2019,12115,null,null,null,no
137778755,6,Credit Card,null,null,null,Ben,730,4/3/2020,no
2101045100,17,Contract,141,4/2/2019,39567,null,null,null,no
939252062,3,Credit Card,null,null,null,Felix,884,4/3/2021,no
1198842142,16,Contract,31,7/9/2019,88197,null,null,null,no
1878221476,2,Credit Card,null,null,null,Brian,108,12/23/2021,no
1874532774,3,Credit Card,null,null,null,Felix,726,9/10/2021,no
207651625,7,Credit Card,null,null,null,Allan,181,10/9/2020,no
815582915,2,Credit Card,null,null,null,Ricky,127,6/30/2021,no
730619435,12,Credit Card,null,null,null,Ryan,321,3/6/2021,no
1792426166,8,Prepaid,null,null,null,null,null,null,yes
1952348072,1,Prepaid,null,null,null,null,null,null,yes
1164707645,17,Contract,791,3/3/2019,103525,null,null,null,no
1635855693,10,Contract,29,6/30/2019,43351,null,null,null,no
980178900,16,Prepaid,null,null,null,null,null,null,yes
870760746,9,Prepaid,null,null,null,null,null,null,yes
890313401,13,Prepaid,null,null,null,null,null,null,yes
1015793196,14,Contract,158,4/3/2019,107034,null,null,null,no
1088092285,10,Contract,1001,4/20/2019,101201,null,null,null,no
279472135,16,Credit Card,null,null,null,Joel,699,4/3/2020,no
1143964398,3,Credit Card,null,null,null,Matt,994,1/1/2020,no
1675352769,11,Contract,842,3/6/2019,25776,null,null,null,no
234818123,1,Credit Card,null,null,null,Matt,813,3/25/2020,no
1324278241,10,Prepaid,null,null,null,null,null,null,yes
620436182,12,Prepaid,null,null,null,null,null,null,yes
1617607589,10,Contract,156,4/20/2019,71273,null,null,null,no
535154431,13,Credit Card,null,null,null,Isaiah,1089,9/10/2021,no
463862396,20,Contract,267,4/2/2019,91313,null,null,null,no
1393434489,14,Contract,266,6/30/2019,72832,null,null,null,no
1500405116,12,Credit Card,null,null,null,Isaiah,279,9/10/2021,no
1616604321,5,Contract,253,5/6/2019,69967,null,null,null,no
1702703159,1,Prepaid,null,null,null,null,null,null,yes
1493511140,1,Credit Card,null,null,null,Josh,174,5/6/2020,no
2067204862,11,Prepaid,null,null,null,null,null,null,yes
1820112830,17,Contract,831,1/1/2019,33244,null,null,null,no
42606119,16,Contract,193,4/2/2019,41734,null,null,null,no
502383161,4,Prepaid,null,null,null,null,null,null,yes
1353837987,4,Contract,405,2/2/2019,18854,null,null,null,no
1623990225,3,Credit Card,null,null,null,Isaiah,309,2/2/2021,no
1206463951,10,Credit Card,null,null,null,Ricky,288,10/9/2020,no
2011894752,3,Contract,458,3/25/2019,96843,null,null,null,no
688076523,1,Contract,545,4/2/2019,110476,null,null,null,no
1495646140,11,Credit Card,null,null,null,Felix,722,4/20/2021,no
1062562429,9,Credit Card,null,null,null,Ben,141,5/6/2020,no
1217256155,2,Prepaid,null,null,null,null,null,null,yes
181228615,7,Credit Card,null,null,null,Noah,818,3/25/2020,no
1181529205,7,Prepaid,null,null,null,null,null,null,yes
925102148,6,Credit Card,null,null,null,Josh,351,6/30/2021,no
1261909560,8,Credit Card,null,null,null,Michael,1069,4/3/2020,no
2053584807,10,Contract,882,4/3/2019,29468,null,null,null,no
604765118,2,Prepaid,null,null,null,null,null,null,yes
1763512465,11,Prepaid,null,null,null,null,null,null,yes
5479327,8,Contract,1004,3/6/2019,56607,null,null,null,no
1713004193,20,Credit Card,null,null,null,Kevin,939,2/2/2021,no
1334263052,13,Contract,288,3/25/2019,19125,null,null,null,no
66381420,5,Prepaid,null,null,null,null,null,null,yes
2086277131,13,Credit Card,null,null,null,Felix,1034,4/20/2021,no
471982651,20,Credit Card,null,null,null,Joel,626,4/3/2020,no
679214729,12,Credit Card,null,null,null,Michael,1070,1/1/2020,no
2068231245,13,Prepaid,null,null,null,null,null,null,yes
1562179990,20,Credit Card,null,null,null,Ben,1009,3/25/2020,no
1680767317,5,Contract,798,2/2/2019,57690,null,null,null,no
767158325,20,Contract,287,5/6/2019,108726,null,null,null,no
378668440,2,Credit Card,null,null,null,Ricky,399,3/6/2021,no
1075641452,20,Contract,473,5/6/2019,14273,null,null,null,no
1581774774,8,Prepaid,null,null,null,null,null,null,yes
1151391528,13,Credit Card,null,null,null,Matt,271,9/10/2021,no
1450061239,4,Prepaid,null,null,null,null,null,null,yes
1436513506,8,Prepaid,null,null,null,null,null,null,yes
2040755121,15,Credit Card,null,null,null,Ben,414,4/2/2020,no
1558029042,3,Credit Card,null,null,null,Rick,303,9/10/2021,no
932732627,20,Prepaid,null,null,null,null,null,null,yes
1435582623,16,Credit Card,null,null,null,Noah,153,3/25/2020,no
1343085683,2,Contract,867,10/9/2019,41497,null,null,null,no
1477089059,14,Contract,687,4/2/2019,100565,null,null,null,no
1061827119,5,Prepaid,null,null,null,null,null,null,yes
1037543672,14,Contract,779,4/20/2019,30333,null,null,null,no
8219372,12,Contract,879,4/2/2019,89864,null,null,null,no
1220985574,3,Credit Card,null,null,null,Josh,617,10/9/2020,no
789191713,5,Credit Card,null,null,null,Ricky,842,3/25/2020,no
1622958170,3,Credit Card,null,null,null,Ryan,263,4/3/2021,no
1507391320,20,Contract,908,5/6/2019,78490,null,null,null,no
1202151624,4,Contract,940,3/3/2019,30602,null,null,null,no
1971643821,12,Prepaid,null,null,null,null,null,null,yes
2059314400,15,Contract,182,2/2/2019,28141,null,null,null,no
78306665,18,Contract,970,4/3/2019,23596,null,null,null,no
806926487,15,Prepaid,null,null,null,null,null,null,yes
1570170303,7,Prepaid,null,null,null,null,null,null,yes
274905605,15,Contract,735,1/1/2019,68856,null,null,null,no
1743108371,1,Credit Card,null,null,null,Patrick,781,1/1/2020,no
2146958693,2,Prepaid,null,null,null,null,null,null,yes
1713198085,5,Contract,871,4/3/2019,49950,null,null,null,no
1337592691,13,Prepaid,null,null,null,null,null,null,yes
884729332,6,Prepaid,null,null,null,null,null,null,yes
1619380652,14,Prepaid,null,null,null,null,null,null,yes
1477685095,1,Credit Card,null,null,null,Felix,596,2/2/2021,no
695298810,13,Prepaid,null,null,null,null,null,null,yes
1416579933,3,Contract,243,3/6/2019,66966,null,null,null,no
1583938443,17,Contract,882,3/6/2019,101793,null,null,null,no
2055655972,7,Credit Card,null,null,null,Ryan,620,4/3/2021,no
1733819292,14,Credit Card,null,null,null,Isaiah,734,6/30/2021,no
126721793,7,Credit Card,null,null,null,Ryan,392,1/1/2020,no
989057838,12,Contract,931,3/3/2019,46323,null,null,null,no
1151790474,20,Contract,599,4/3/2019,107879,null,null,null,no
27818949,1,Contract,301,3/6/2019,61586,null,null,null,no
1357244473,8,Credit Card,null,null,null,Kevin,1033,9/10/2021,no
1054430541,15,Contract,677,2/2/2019,108503,null,null,null,no
391858001,17,Credit Card,null,null,null,Isaiah,479,3/3/2020,no
2047328407,19,Credit Card,null,null,null,Rick,976,12/23/2021,no
575057393,7,Credit Card,null,null,null,Noah,962,4/3/2020,no
1679758283,5,Contract,348,1/1/2019,14848,null,null,null,no
1154364053,3,Prepaid,null,null,null,null,null,null,yes
642143332,19,Contract,193,3/3/2019,83638,null,null,null,no
308336947,10,Contract,864,7/9/2019,33518,null,null,null,no
578264702,3,Prepaid,null,null,null,null,null,null,yes
51732079,11,Contract,467,3/25/2019,64102,null,null,null,no
983583285,6,Credit Card,null,null,null,Matt,543,4/2/2020,no
950138446,14,Contract,247,4/3/2019,44561,null,null,null,no
544472590,16,Credit Card,null,null,null,Josh,446,3/6/2021,no
386020399,9,Contract,774,1/1/2019,110945,null,null,null,no
1653962887,15,Prepaid,null,null,null,null,null,null,yes
2115575458,12,Prepaid,null,null,null,null,null,null,yes
20888310,11,Prepaid,null,null,null,null,null,null,yes
652713783,7,Contract,775,1/1/2019,72640,null,null,null,no
2040884501,3,Contract,26,3/6/2019,107455,null,null,null,no
69498123,20,Prepaid,null,null,null,null,null,null,yes
402199208,8,Contract,830,3/25/2019,93132,null,null,null,no
1314797687,20,Prepaid,null,null,null,null,null,null,yes
358452176,9,Credit Card,null,null,null,Isaiah,540,3/25/2020,no
2136588008,18,Prepaid,null,null,null,null,null,null,yes
1467686093,14,Contract,635,3/3/2019,102133,null,null,null,no
1768255360,14,Prepaid,null,null,null,null,null,null,yes
1029499628,8,Credit Card,null,null,null,Aaron,283,5/6/2020,no
91964359,18,Credit Card,null,null,null,Michael,1030,9/10/2021,no
557957802,9,Credit Card,null,null,null,Allan,585,10/9/2020,no
105900871,17,Prepaid,null,null,null,null,null,null,yes
1129881108,14,Prepaid,null,null,null,null,null,null,yes
284343726,9,Prepaid,null,null,null,null,null,null,yes
1692502686,13,Credit Card,null,null,null,Ben,761,7/9/2020,no
1146289273,18,Contract,149,3/25/2019,61709,null,null,null,no
1575240382,17,Prepaid,null,null,null,null,null,null,yes
232702984,5,Credit Card,null,null,null,Allan,886,12/23/2021,no
948132296,12,Credit Card,null,null,null,Allan,439,4/3/2021,no
1408539509,16,Credit Card,null,null,null,Ryan,348,3/3/2020,no
401457048,16,Contract,311,10/9/2019,82767,null,null,null,no
1490795307,10,Contract,364,2/2/2019,51397,null,null,null,no
1524657605,1,Credit Card,null,null,null,Allan,273,4/3/2020,no
747703275,15,Prepaid,null,null,null,null,null,null,yes
160975138,19,Prepaid,null,null,null,null,null,null,yes
217576066,15,Prepaid,null,null,null,null,null,null,yes
1912926359,7,Prepaid,null,null,null,null,null,null,yes
1718149135,7,Credit Card,null,null,null,Matt,105,10/9/2020,no
210885973,1,Credit Card,null,null,null,Noah,136,12/23/2021,no
2102606684,6,Prepaid,null,null,null,null,null,null,yes
1676978337,11,Prepaid,null,null,null,null,null,null,yes
1824109945,11,Credit Card,null,null,null,Noah,666,4/3/2020,no
1866434689,4,Contract,595,7/9/2019,42834,null,null,null,no
1382343248,19,Credit Card,null,null,null,Matt,196,6/30/2021,no
88303310,1,Credit Card,null,null,null,Michael,168,4/20/2021,no
1257219484,12,Contract,897,6/30/2019,29661,null,null,null,no
978314548,16,Prepaid,null,null,null,null,null,null,yes
392664394,16,Prepaid,null,null,null,null,null,null,yes
2112550098,14,Credit Card,null,null,null,Ricky,630,9/10/2021,no
815989729,8,Prepaid,null,null,null,null,null,null,yes
680028502,17,Credit Card,null,null,null,Isaiah,728,3/6/2021,no
1486446647,13,Contract,82,10/9/2019,57697,null,null,null,no
4351368,7,Prepaid,null,null,null,null,null,null,yes
561357663,5,Credit Card,null,null,null,Michael,749,6/30/2021,no
1746481746,10,Prepaid,null,null,null,null,null,null,yes
1467386441,19,Prepaid,null,null,null,null,null,null,yes
353814907,8,Contract,991,5/6/2019,18605,null,null,null,no
832339513,15,Credit Card,null,null,null,Michael,876,4/3/2020,no
1619796591,14,Credit Card,null,null,null,Felix,1003,3/6/2021,no
