name_first,name_last,c_ID,email_pre,email#,email_post,phone#,Street#,Str_Name,Apt#,City,State,ZIP
Ricky,Alexander-Parenteau,85123,issecosa,2,rit.edu,2114193292,1395,Canal St.,88,Sagaponack,Texas,18121
Felix,Nielsen,21197,ehofallat,27,rit.edu,-1390319422,1643,King Dr.,81,Hauppague,New York,37819
Isaiah,Barreiros,24670,ehofallat,95,yahoo.com,1465887920,206,Washington Ave.,41,Copaigue,Maine,44307
Rick,Nelson,59579,xXmetallicaFan1992Xx,52,yahoo.com,1609706415,5212,Joy Ct.,45,Ronkonkoma,Washington,42221
Felix,Alexander-Parenteau,89520,helloWorld,50,gmail.com,-1843373293,7629,Clark St.,51,Northampton,California,75038
Felix,Passino,26681,password1,67,yahoo.com,-2027043914,4564,Harrison St.,8,Sagaponack,Virginia,27497
Kevin,Tavares,95765,password1,16,gmail.com,1229157279,5475,James Ct.,85,Commack,Pennsylvania,14840
Noah,White,13898,ehofallat,34,yahoo.com,1303580011,4813,King Dr.,7,Yaphank,Pennsylvania,13894
Isaiah,White,58917,ehofallat,16,rit.edu,2093374828,6931,Jefferson Ave.,36,Speonk,Florida,75266
Rick,Alexander-Parenteau,41142,ehofallat,37,gmail.com,1506178231,48,Hicksville Road,94,Sagaponack,Delaware,24194
Michael,Nunes,99788,xXmetallicaFan1992Xx,80,rit.edu,-1046513027,4010,King Dr.,49,Quogue,Washington,49242
Michael,Barzal,68402,xXmetallicaFan1992Xx,83,gmail.com,1276585422,1818,149th St.,33,Copaigue,Washington,77940
Noah,Poulin,95306,ehofallat,68,ymail.com,-2097671434,9545,Joy Ct.,77,Commack,California,54073
Matt,Nilsson,77187,qedoffifa,17,rit.edu,-1354770240,8195,Washington Ave.,2,Copaigue,Georgia,12148
Noah,Nelson,104001,oduderrac,81,yahoo.com,-1235492070,2773,Armstrong Ave.,59,Copaigue,Washington,23466
Ricky,Passino,65813,adsdf,80,rit.edu,2046037870,5552,James Ct.,32,Speonk,West Virginia,43832
Noah,Nilsson,53899,issecosa,23,rit.edu,1412711048,4596,Canal St.,5,Wyandanch,Washington,43224
Noah,Nunes,17624,issecosa,98,yahoo.com,1271917885,806,King Dr.,58,Sagaponack,Oregon,67183
Ben,Bailey,63023,issecosa,63,gmail.com,1207009858,830,Joy Ct.,45,Speonk,Oregon,30101
Brian,Nelson,105822,helloWorld,87,ymail.com,2076883086,2208,Joy Ct.,77,Copaigue,Florida,72306
Joel,Nilsson,40420,adsdf,24,yahoo.com,1828514622,5280,Washington Ave.,19,Wantaugh,Texas,22256
Noah,Ryan,73062,adsdf,88,yahoo.com,-1183662169,2461,Clark St.,9,Speonk,Washington,35092
Isaiah,Tavares,33485,oduderrac,28,gmail.com,2078916686,9833,Washington Ave.,4,Copaigue,Washington D.C.,29925
Brian,Alexander-Parenteau,104031,qedoffifa,74,yahoo.com,1788161349,3215,Hollis Lane,28,Wyandanch,Virginia,75384
Ricky,Tavares,15152,ehofallat,37,ymail.com,1926239316,8263,Hicksville Road,78,Northampton,Washington D.C.,33768
Isaiah,Nelson,70393,helloWorld,58,rit.edu,-1678246720,3106,Washington Ave.,79,Yaphank,New York,45416
Ben,Deever,84823,helloWorld,57,rit.edu,-1966427946,1186,Armstrong Ave.,11,Quogue,Florida,64851
Ricky,Nilsson,87308,ehofallat,67,ymail.com,1387174477,8007,Jefferson Ave.,3,Mattituck,Maine,28960
Noah,Nunes,27234,pdefran,17,ymail.com,1839888682,722,Hollis Lane,44,Wantaugh,Florida,25193
Brian,Ryan,40283,oduderrac,56,rit.edu,1644689773,7553,King Dr.,81,Sagaponack,Texas,55172
Allan,Colliton,43682,password1,30,rit.edu,2049422212,7655,King Dr.,28,Wyandanch,Oregon,49643
Aaron,Black,72496,xXmetallicaFan1992Xx,43,ymail.com,-1694731670,4637,Jefferson Ave.,27,Hauppague,New York,29002
Matt,Deever,15119,qedoffifa,36,yahoo.com,-1780370585,5643,149th St.,9,Ronkonkoma,Oregon,38002
Allan,Black,69297,adsdf,25,rit.edu,-1069928661,6306,Canal St.,75,Commack,Virginia,56077
Allan,White,25450,qedoffifa,66,ymail.com,1166151684,6699,Jefferson Ave.,23,Hauppague,New York,42024
Ricky,Barzal,99804,helloWorld,59,gmail.com,1472479348,7861,Joy Ct.,27,Wyandanch,Texas,50765
Joel,Alexander-Parenteau,24408,helloWorld,43,yahoo.com,-2128894662,4507,Joy Ct.,12,Speonk,Delaware,33884
Patrick,Ryan,86594,helloWorld,54,rit.edu,1354548783,4281,James Ct.,87,Wyandanch,West Virginia,49659
Ben,Barreiros,76434,adsdf,48,ymail.com,-1163256041,5527,Harrison St.,97,Hauppague,Maine,69550
Brian,Harwitt,12279,ehofallat,99,ymail.com,1669877763,9598,Clark St.,4,Wantaugh,Oregon,42365
Matt,Colliton,105230,pdefran,62,ymail.com,1619199420,172,Joy Ct.,25,Amagansett,Louisiana,35464
Patrick,Nelson,28270,ehofallat,18,gmail.com,-1406376162,7040,Clark St.,47,Massapequa,Florida,71208
Ryan,Nielsen,106644,password1,36,rit.edu,-1752649017,9304,Clark St.,21,Yaphank,Delaware,61510
Felix,Ryan,44233,qedoffifa,50,rit.edu,1803417271,9639,149th St.,62,Mattituck,Maine,63829
Noah,Black,101133,adsdf,72,ymail.com,1362432369,7676,Washington Ave.,45,Copaigue,California,47333
Matt,Harwitt,101371,adsdf,7,rit.edu,-1464521114,9337,Hicksville Road,3,Wyandanch,Louisiana,33126
Isaiah,Passino,75952,password1,99,gmail.com,1757515701,1756,149th St.,29,Northampton,New York,24468
Joel,Ryan,78391,oduderrac,26,yahoo.com,-1487738847,2870,149th St.,69,Ronkonkoma,Virginia,44598
Ricky,Passino,95640,pdefran,86,rit.edu,-1402830610,6242,Harrison St.,51,Northampton,Washington,38158
Allan,Deever,39167,qedoffifa,24,ymail.com,1862875959,2623,Canal St.,48,Massapequa,Maine,32077
Aaron,Nunes,61009,helloWorld,79,gmail.com,-1785009778,745,Jefferson Ave.,30,Massapequa,Texas,24372
Rick,Nilsson,79700,adsdf,86,rit.edu,2040766034,7804,Clark St.,74,Hauppague,Florida,24684
Matt,Nunes,70585,helloWorld,61,gmail.com,1188956052,5300,James Ct.,90,Sagaponack,Virginia,17279
Joel,Harwitt,22408,oduderrac,58,rit.edu,-1496910814,8467,Harrison St.,33,Amagansett,Delaware,77105
Rick,Nielsen,89956,password1,21,rit.edu,1931670684,2983,Joy Ct.,81,Speonk,Washington,75763
Joel,Nielsen,31079,issecosa,23,rit.edu,-1503952642,1385,James Ct.,93,Speonk,Delaware,54073
Joel,White,79676,oduderrac,90,yahoo.com,-2114667398,1484,Hollis Lane,93,Mattituck,Washington D.C.,37991
Allan,Nielsen,101361,xXmetallicaFan1992Xx,64,rit.edu,-1120879796,8245,Canal St.,25,Commack,Georgia,40028
Allan,Barreiros,13592,ehofallat,92,yahoo.com,1573633656,4516,Jefferson Ave.,34,Amagansett,Washington D.C.,40426
Brian,Nelson,46880,helloWorld,12,gmail.com,1591219531,4221,King Dr.,48,Amagansett,West Virginia,65521
Ben,Poulin,36716,ehofallat,35,yahoo.com,1301344105,4341,Armstrong Ave.,7,Commack,Oregon,19113
Noah,Nielsen,88791,ehofallat,9,ymail.com,-1288082354,9893,Joy Ct.,45,Wantaugh,Louisiana,53533
Aaron,Ryan,27966,oduderrac,39,gmail.com,-1094279202,8850,Canal St.,65,Commack,Oregon,78229
Ricky,Bailey,107101,helloWorld,70,gmail.com,-1145888708,2040,Harrison St.,83,Yaphank,Washington D.C.,46098
Allan,Nunes,60424,adsdf,85,ymail.com,1139674112,7813,Hollis Lane,74,Mattituck,Florida,11550
Ben,Barreiros,47268,xXmetallicaFan1992Xx,51,gmail.com,1719967149,9715,Joy Ct.,100,Wantaugh,Virginia,29276
Joel,Nielsen,60068,pdefran,35,ymail.com,-2073314919,9373,149th St.,77,Sagaponack,New Jersey,19122
Josh,Nelson,65021,issecosa,19,gmail.com,-2043918923,8222,King Dr.,76,Hauppague,Georgia,27149
Allan,Ryan,75916,ehofallat,89,rit.edu,-1716761352,8614,King Dr.,73,Copaigue,Maine,55653
Matt,Colliton,95175,adsdf,43,yahoo.com,2041528305,6454,King Dr.,33,Amagansett,New Jersey,56904
Ben,Alexander-Parenteau,109317,ehofallat,96,ymail.com,-2146496867,8751,Hicksville Road,28,Speonk,Georgia,64645
Michael,Ryan,41864,helloWorld,87,ymail.com,1172917802,9247,Jefferson Ave.,17,Massapequa,Louisiana,35973
Joel,Nelson,26572,qedoffifa,48,gmail.com,1543315842,49,King Dr.,95,Ronkonkoma,New York,52826
Michael,Ryan,44217,qedoffifa,26,rit.edu,-1566256028,8865,Canal St.,81,Hauppague,New Jersey,45999
Ryan,Nelson,70215,issecosa,15,rit.edu,-1897140941,7056,Clark St.,24,Wyandanch,West Virginia,34408
Ben,Poulin,63910,ehofallat,93,yahoo.com,-2083726104,6068,Hollis Lane,89,Ronkonkoma,Pennsylvania,52899
Rick,Barzal,11445,oduderrac,50,yahoo.com,-2045950259,6053,Hollis Lane,20,Commack,Oregon,69300
Patrick,Black,20952,qedoffifa,64,rit.edu,1536103785,1772,149th St.,47,Amagansett,Virginia,43514
Aaron,White,32560,helloWorld,40,yahoo.com,-2140636850,5730,Canal St.,16,Wantaugh,Washington,17360
Ryan,White,109384,adsdf,16,gmail.com,-1567227648,4803,Clark St.,23,Wyandanch,Louisiana,66964
Allan,Alexander-Parenteau,81853,ehofallat,39,yahoo.com,-1663060061,9680,Harrison St.,72,Hauppague,New York,32775
Felix,Ryan,42850,issecosa,4,ymail.com,1471253110,7721,Clark St.,13,Yaphank,Washington,44515
Isaiah,Colliton,21951,pdefran,18,ymail.com,1425951229,4986,Canal St.,44,Sagaponack,West Virginia,72267
Matt,Nunes,52511,issecosa,57,gmail.com,-1502106933,7698,Jefferson Ave.,3,Wyandanch,Pennsylvania,38864
Ben,Nunes,64245,helloWorld,77,yahoo.com,1167897651,5622,Joy Ct.,75,Mattituck,Texas,14634
Kevin,Nunes,102960,adsdf,90,rit.edu,1725964719,3929,Hicksville Road,73,Amagansett,Maine,21300
Ben,Black,105374,adsdf,20,rit.edu,1269967866,1109,James Ct.,51,Ronkonkoma,Louisiana,50181
Matt,Deever,20755,issecosa,10,yahoo.com,-2072137697,4975,Joy Ct.,31,Northampton,Delaware,67975
Kevin,Alexander-Parenteau,44076,adsdf,6,ymail.com,-1744157719,6315,149th St.,99,Yaphank,Georgia,29860
Felix,Black,36729,pdefran,70,yahoo.com,-1881700064,8225,Canal St.,88,Wyandanch,New York,30477
Noah,Deever,99158,adsdf,31,yahoo.com,-2024522913,1060,Jefferson Ave.,92,Yaphank,Washington,26409
Josh,Black,49932,adsdf,74,yahoo.com,-1576687347,80,Hollis Lane,38,Massapequa,Washington D.C.,70809
Rick,Alexander-Parenteau,60487,xXmetallicaFan1992Xx,47,yahoo.com,-1315458183,9109,Harrison St.,25,Wyandanch,New York,48352
Ricky,Colliton,21561,ehofallat,42,gmail.com,1697620375,4797,Washington Ave.,70,Commack,Texas,67312
Aaron,Poulin,55341,xXmetallicaFan1992Xx,10,yahoo.com,2044896888,9211,Hollis Lane,20,Wantaugh,Delaware,49141
Brian,Ryan,61938,password1,36,gmail.com,2121043795,202,Joy Ct.,97,Massapequa,Georgia,20178
Isaiah,Poulin,69750,issecosa,61,gmail.com,1396420860,1051,Clark St.,55,Northampton,Maine,77599
Ryan,Barreiros,66689,xXmetallicaFan1992Xx,35,rit.edu,-1249114852,2591,Washington Ave.,37,Northampton,Virginia,66701
Joel,Black,34966,xXmetallicaFan1992Xx,1,gmail.com,1182567347,1999,Jefferson Ave.,77,Speonk,Texas,16742
Aaron,Nelson,78408,helloWorld,97,ymail.com,-1846105499,6563,Joy Ct.,18,Ronkonkoma,Virginia,46401
Patrick,Colliton,79909,issecosa,16,yahoo.com,1836894257,1391,Washington Ave.,63,Wyandanch,Georgia,21292
Rick,Barreiros,107782,pdefran,5,rit.edu,-1816904946,1867,Jefferson Ave.,52,Amagansett,Pennsylvania,64085
Isaiah,Black,33689,adsdf,79,ymail.com,-2038987596,4902,James Ct.,31,Wantaugh,Oregon,59170
Noah,Barreiros,13008,password1,57,ymail.com,1669722643,6931,Canal St.,46,Yaphank,California,61172
Matt,Alexander-Parenteau,55362,issecosa,78,gmail.com,-1669979932,4980,Joy Ct.,17,Amagansett,Louisiana,70538
Brian,Nelson,96903,ehofallat,79,yahoo.com,1711068124,4268,Hicksville Road,56,Ronkonkoma,New Jersey,42542
Joel,White,76559,qedoffifa,3,gmail.com,-1551789947,6473,149th St.,76,Sagaponack,Maine,55269
Ben,Nelson,29712,pdefran,34,gmail.com,-1551126057,102,James Ct.,94,Speonk,Florida,20306
Kevin,Tavares,75606,oduderrac,67,ymail.com,1839628651,335,James Ct.,28,Speonk,New Jersey,57146
Josh,Colliton,97444,oduderrac,11,rit.edu,-1484503460,9355,Hicksville Road,10,Mattituck,Pennsylvania,57970
Isaiah,Nilsson,46230,ehofallat,51,gmail.com,1751265003,2547,Harrison St.,92,Quogue,New York,34275
Aaron,Barzal,29151,ehofallat,89,gmail.com,-1738221891,2406,Joy Ct.,91,Wantaugh,New York,31924
Brian,Barzal,61325,ehofallat,4,rit.edu,-1326074035,4489,Jefferson Ave.,98,Quogue,Georgia,14009
Aaron,Barreiros,37125,helloWorld,72,yahoo.com,-1260779317,2616,Canal St.,58,Speonk,Virginia,35828
Michael,Barreiros,31645,oduderrac,56,rit.edu,-1761042732,1283,Hicksville Road,80,Hauppague,Maine,51901
Michael,Barzal,106275,password1,44,rit.edu,-1147342353,1143,149th St.,95,Hauppague,West Virginia,49201
Joel,Tavares,62363,qedoffifa,44,gmail.com,-1514362882,578,Joy Ct.,75,Wyandanch,New Jersey,69926
Josh,Barreiros,28782,password1,30,yahoo.com,1716780898,3442,Jefferson Ave.,1,Quogue,Oregon,55632
Joel,Nelson,52808,ehofallat,93,yahoo.com,1648513516,2124,Joy Ct.,80,Mattituck,Washington D.C.,44990
Patrick,Alexander-Parenteau,56186,helloWorld,57,rit.edu,-1626695204,9622,Washington Ave.,24,Yaphank,Georgia,43460
Joel,Barreiros,21187,adsdf,87,yahoo.com,-2049020986,601,Joy Ct.,71,Commack,Georgia,51393
Isaiah,Colliton,109310,oduderrac,15,ymail.com,-1673659759,94,Hollis Lane,54,Mattituck,Delaware,68190
Michael,Tavares,28062,helloWorld,42,gmail.com,1926481742,5987,Armstrong Ave.,71,Commack,Delaware,15013
Aaron,Nunes,27343,issecosa,64,yahoo.com,1694004229,1873,James Ct.,76,Massapequa,Maine,60652
Rick,Deever,13108,xXmetallicaFan1992Xx,90,rit.edu,-1069222721,7026,King Dr.,95,Ronkonkoma,Florida,37903
Ricky,Colliton,58905,issecosa,19,rit.edu,1439735515,1133,King Dr.,64,Massapequa,New Jersey,36035
Aaron,Barreiros,98314,qedoffifa,36,yahoo.com,1272913751,7922,Harrison St.,49,Amagansett,Pennsylvania,67773
Matt,Nunes,58689,helloWorld,14,gmail.com,-1975987868,4414,149th St.,95,Commack,New York,51968
Rick,Alexander-Parenteau,18071,adsdf,20,rit.edu,-1082530819,1646,149th St.,100,Speonk,Louisiana,26378
Aaron,Poulin,67171,xXmetallicaFan1992Xx,79,rit.edu,-2028425139,8765,Canal St.,84,Hauppague,Georgia,78627
Aaron,White,24908,helloWorld,44,gmail.com,-1935222121,809,Armstrong Ave.,37,Wantaugh,New York,48631
Joel,Colliton,16883,issecosa,86,ymail.com,-1061787784,2123,Canal St.,26,Commack,West Virginia,61517
Noah,Deever,73206,qedoffifa,93,yahoo.com,-1061400888,908,Hollis Lane,18,Commack,New Jersey,34310
Aaron,Colliton,33952,ehofallat,40,ymail.com,1364024220,4015,Harrison St.,21,Hauppague,Maine,39015
Allan,Alexander-Parenteau,17325,oduderrac,34,ymail.com,1659917793,3503,Washington Ave.,90,Quogue,New York,78665
Michael,Alexander-Parenteau,34342,ehofallat,42,yahoo.com,-1686941711,6903,James Ct.,80,Sagaponack,West Virginia,46557
Josh,Barzal,102056,oduderrac,68,rit.edu,1174296068,9659,149th St.,61,Speonk,Delaware,29230
Aaron,Poulin,100500,helloWorld,14,rit.edu,1814279898,6405,Canal St.,83,Massapequa,Louisiana,17366
Kevin,Passino,79534,oduderrac,34,rit.edu,1622193538,6562,149th St.,69,Sagaponack,Virginia,51440
Michael,Tavares,28078,adsdf,91,rit.edu,-1836050187,190,Armstrong Ave.,74,Hauppague,Georgia,72437
Michael,Colliton,35801,ehofallat,30,ymail.com,1438749106,5440,James Ct.,93,Quogue,New Jersey,28252
Patrick,White,84948,pdefran,44,gmail.com,-1223207979,6985,James Ct.,91,Quogue,Georgia,70260
Isaiah,Harwitt,78282,issecosa,46,rit.edu,-2107108978,2151,Washington Ave.,64,Sagaponack,Oregon,47585
Matt,Alexander-Parenteau,42725,password1,10,yahoo.com,-1719185395,2966,Washington Ave.,44,Commack,Texas,25404
Isaiah,Nielsen,45563,qedoffifa,34,ymail.com,1828156047,804,Washington Ave.,95,Hauppague,Texas,70119
Allan,Alexander-Parenteau,73210,password1,34,rit.edu,1258511884,2629,King Dr.,93,Wantaugh,Virginia,59732
Kevin,Nilsson,79084,adsdf,61,gmail.com,-1397107371,2815,King Dr.,41,Wyandanch,Florida,72718
Patrick,Nunes,88753,pdefran,75,rit.edu,1474728368,7827,Jefferson Ave.,23,Massapequa,Maine,70675
Noah,Nielsen,36049,xXmetallicaFan1992Xx,20,yahoo.com,1761270746,8640,Washington Ave.,97,Massapequa,Washington,37223
Ben,White,38882,pdefran,93,ymail.com,1415929423,8444,James Ct.,84,Hauppague,Oregon,44907
Ricky,Alexander-Parenteau,78866,oduderrac,3,yahoo.com,1955488757,5789,149th St.,94,Wyandanch,Louisiana,27700
Noah,Nielsen,105984,ehofallat,53,yahoo.com,1813301097,806,Jefferson Ave.,7,Speonk,Washington,63798
Isaiah,Harwitt,11157,ehofallat,19,ymail.com,1284134707,1462,Armstrong Ave.,7,Sagaponack,Pennsylvania,60932
Ryan,Black,35698,adsdf,49,rit.edu,-1931846158,4602,149th St.,23,Sagaponack,Washington,65731
Kevin,Alexander-Parenteau,54564,oduderrac,5,ymail.com,-1938213879,5084,149th St.,69,Northampton,Washington D.C.,17584
Michael,Colliton,11139,qedoffifa,52,gmail.com,-1597645145,5788,Joy Ct.,11,Massapequa,Texas,17181
Noah,White,10663,adsdf,86,yahoo.com,-1501666145,2652,King Dr.,57,Amagansett,New York,19628
Noah,Ryan,86373,xXmetallicaFan1992Xx,33,ymail.com,-1065827411,9917,Joy Ct.,91,Ronkonkoma,California,64184
Ben,Deever,45812,oduderrac,1,gmail.com,1834988672,8218,James Ct.,78,Hauppague,Washington D.C.,42450
Brian,Passino,68228,issecosa,71,gmail.com,-1154031071,7694,Harrison St.,68,Mattituck,Delaware,13087
Josh,Nielsen,10116,helloWorld,90,gmail.com,-1175615320,1976,Armstrong Ave.,5,Quogue,Georgia,36340
Brian,Barzal,94188,pdefran,52,yahoo.com,1295311891,8386,James Ct.,40,Copaigue,New York,78435
Kevin,Passino,66293,xXmetallicaFan1992Xx,29,ymail.com,1787849864,1978,Hollis Lane,76,Sagaponack,Oregon,70201
Josh,Nilsson,108668,helloWorld,20,ymail.com,-1630404636,9834,149th St.,11,Yaphank,Oregon,48484
Brian,Passino,82465,oduderrac,23,gmail.com,1168628385,9994,Harrison St.,81,Massapequa,Pennsylvania,34886
Allan,Alexander-Parenteau,48581,adsdf,8,gmail.com,1965285293,6318,James Ct.,96,Yaphank,Louisiana,10864
Rick,Deever,89060,pdefran,17,rit.edu,-1749096280,3411,Harrison St.,41,Wyandanch,New Jersey,53214
Kevin,Nunes,40673,issecosa,49,yahoo.com,-1190615558,9500,149th St.,98,Amagansett,Virginia,69652
Patrick,Tavares,29184,ehofallat,30,gmail.com,-1097992952,3311,Hicksville Road,70,Quogue,Washington,40584
Joel,Bailey,82307,issecosa,67,rit.edu,1741686963,4790,Armstrong Ave.,34,Sagaponack,West Virginia,64014
Noah,Bailey,56137,helloWorld,2,gmail.com,-1462753555,3767,Hicksville Road,37,Ronkonkoma,New York,70893
Allan,Nilsson,73250,qedoffifa,87,yahoo.com,-1901428807,6661,James Ct.,45,Amagansett,California,24705
Patrick,Nunes,106310,oduderrac,40,yahoo.com,1365461508,6000,Canal St.,24,Wantaugh,West Virginia,78301
Isaiah,Nielsen,65259,issecosa,39,rit.edu,-1534350746,8859,James Ct.,92,Wantaugh,Pennsylvania,10786
Noah,Harwitt,66047,password1,70,rit.edu,-2127801284,3288,Clark St.,78,Northampton,California,39262
Joel,Deever,68765,xXmetallicaFan1992Xx,55,rit.edu,1432534437,5832,King Dr.,37,Northampton,Washington D.C.,64527
Felix,Passino,107893,adsdf,1,rit.edu,-2089157107,5171,King Dr.,90,Copaigue,Georgia,70053
Isaiah,Nielsen,106089,qedoffifa,51,ymail.com,1398975501,737,King Dr.,18,Mattituck,Louisiana,49848
Matt,Nielsen,48049,issecosa,26,rit.edu,-1249522489,4030,James Ct.,83,Hauppague,Florida,28210
Aaron,Nilsson,25222,issecosa,18,gmail.com,1156690435,8757,149th St.,71,Massapequa,Oregon,67452
Allan,Nielsen,65770,ehofallat,26,yahoo.com,-2045343062,6615,Jefferson Ave.,66,Wantaugh,Louisiana,30032
Noah,White,75102,ehofallat,56,rit.edu,-1852233335,6511,King Dr.,96,Wantaugh,Louisiana,72712
Ricky,Black,54318,qedoffifa,7,yahoo.com,-1798147685,3653,Jefferson Ave.,3,Speonk,Pennsylvania,23881
Ben,Deever,33966,issecosa,73,rit.edu,1791978491,9292,Armstrong Ave.,41,Hauppague,Oregon,39199
Aaron,Black,79913,xXmetallicaFan1992Xx,92,ymail.com,1623952214,7850,Washington Ave.,58,Massapequa,West Virginia,70719
Matt,Black,69573,oduderrac,62,rit.edu,1361886103,1639,James Ct.,38,Quogue,California,19073
Ricky,Deever,82251,ehofallat,28,rit.edu,1521714517,6632,Hollis Lane,49,Massapequa,Louisiana,73904
Josh,Alexander-Parenteau,92820,password1,68,yahoo.com,-1060856984,2624,Clark St.,91,Hauppague,Maine,64273
Allan,Harwitt,103090,password1,15,gmail.com,-1754122628,6302,Clark St.,94,Mattituck,Washington,34875
Ryan,Nelson,27637,issecosa,43,ymail.com,-1976579678,2015,Armstrong Ave.,54,Amagansett,Louisiana,16324
Josh,Bailey,15834,pdefran,17,ymail.com,-1076272652,2402,Jefferson Ave.,93,Quogue,Texas,75015
Patrick,Barreiros,30855,ehofallat,56,ymail.com,1985062720,2022,James Ct.,91,Speonk,New York,59698
Noah,Ryan,59327,oduderrac,63,yahoo.com,-1628822366,5748,149th St.,62,Ronkonkoma,New York,74207
Kevin,Barzal,57094,ehofallat,74,yahoo.com,1286725443,6513,Armstrong Ave.,54,Wantaugh,Pennsylvania,72944
Ryan,Harwitt,85177,issecosa,54,gmail.com,1865644490,9097,Washington Ave.,50,Mattituck,Georgia,35905
Aaron,Nelson,60233,oduderrac,25,gmail.com,-1307541349,5313,Armstrong Ave.,62,Copaigue,Oregon,39306
Ryan,Ryan,90896,password1,99,ymail.com,1351821218,9354,Hollis Lane,33,Hauppague,Pennsylvania,63984
Joel,White,50361,qedoffifa,18,rit.edu,-1881301162,9760,Hicksville Road,57,Wyandanch,Washington D.C.,36437
Kevin,Nilsson,27576,password1,52,gmail.com,1175598477,3288,Canal St.,36,Speonk,Delaware,24309
Rick,Alexander-Parenteau,59847,pdefran,83,ymail.com,-1573102494,6986,Hollis Lane,27,Copaigue,West Virginia,41278
Ricky,Nielsen,98003,xXmetallicaFan1992Xx,88,rit.edu,2040402962,9347,Jefferson Ave.,60,Speonk,Virginia,72334
Brian,Harwitt,32224,issecosa,38,ymail.com,1856278202,985,Jefferson Ave.,54,Quogue,Washington,43111
Matt,Tavares,60300,oduderrac,81,ymail.com,-1327013494,391,Clark St.,94,Massapequa,Washington,51073
Kevin,Nielsen,14634,pdefran,73,rit.edu,1658002837,4479,Harrison St.,23,Ronkonkoma,Texas,10154
Brian,Nelson,22654,oduderrac,24,yahoo.com,-2063761723,5612,Hollis Lane,60,Hauppague,Washington D.C.,11186
Isaiah,Poulin,64587,ehofallat,37,gmail.com,-1118138204,3953,Washington Ave.,60,Speonk,Maine,71985
Ricky,Alexander-Parenteau,17251,xXmetallicaFan1992Xx,98,yahoo.com,-1087702023,6024,Hicksville Road,72,Amagansett,Washington,23694
Patrick,Nilsson,99368,qedoffifa,23,yahoo.com,1459018296,8500,Canal St.,76,Quogue,Virginia,76993
Aaron,Bailey,80409,adsdf,13,rit.edu,-1693609877,5351,Canal St.,70,Amagansett,Oregon,27751
Ryan,Ryan,50485,helloWorld,90,yahoo.com,1638305441,3259,Washington Ave.,28,Hauppague,New York,74723
Kevin,Colliton,24817,xXmetallicaFan1992Xx,65,rit.edu,1916098155,3150,Harrison St.,51,Sagaponack,New Jersey,52590
Michael,Nunes,48809,xXmetallicaFan1992Xx,81,ymail.com,1727169755,1581,King Dr.,22,Amagansett,Maine,77646
Michael,Barreiros,82470,oduderrac,24,rit.edu,-1323683501,5563,Canal St.,65,Northampton,Virginia,77653
Ben,Poulin,101561,xXmetallicaFan1992Xx,6,gmail.com,-1932827098,8848,Harrison St.,39,Hauppague,Pennsylvania,36474
Rick,Black,57220,password1,89,yahoo.com,-1447256992,4457,King Dr.,97,Commack,Pennsylvania,53042
Ricky,Alexander-Parenteau,75333,xXmetallicaFan1992Xx,25,rit.edu,-1557437243,9958,Joy Ct.,72,Massapequa,Delaware,31845
Michael,Tavares,27516,ehofallat,31,gmail.com,-1898123439,3339,Hicksville Road,16,Amagansett,West Virginia,63816
Kevin,Nilsson,32929,xXmetallicaFan1992Xx,59,rit.edu,-1759259179,9338,King Dr.,67,Hauppague,Washington,42635
Josh,Nelson,33293,pdefran,32,gmail.com,1815277813,4425,Joy Ct.,76,Speonk,Texas,51704
Matt,Colliton,49968,xXmetallicaFan1992Xx,74,rit.edu,1593419452,9516,Jefferson Ave.,67,Mattituck,New Jersey,11068
Allan,Nielsen,62910,pdefran,84,rit.edu,1962942395,4898,Canal St.,7,Northampton,California,14415
Ricky,Deever,100858,qedoffifa,97,ymail.com,1281213519,1806,Harrison St.,3,Yaphank,Washington D.C.,54507
Matt,Harwitt,59463,oduderrac,55,gmail.com,2057532858,3674,James Ct.,95,Quogue,Maine,53090
Josh,Ryan,15675,ehofallat,20,rit.edu,-1619201932,3939,Armstrong Ave.,35,Speonk,Texas,73008
Felix,Nunes,84582,ehofallat,55,ymail.com,-1681203315,5232,Jefferson Ave.,99,Quogue,Washington,18049
Ben,Poulin,19877,password1,85,yahoo.com,2116868784,8489,Washington Ave.,92,Massapequa,Florida,66446
Matt,Colliton,22807,password1,85,rit.edu,1912581282,8327,Hicksville Road,44,Yaphank,Delaware,59586
Noah,Deever,31955,xXmetallicaFan1992Xx,56,gmail.com,1990623378,4675,Hicksville Road,66,Northampton,Pennsylvania,79445
Brian,Nielsen,27771,ehofallat,96,yahoo.com,1148302252,9116,Joy Ct.,41,Northampton,Georgia,69290
Ben,Colliton,63678,xXmetallicaFan1992Xx,5,rit.edu,1282542763,6440,Armstrong Ave.,88,Mattituck,Oregon,78714
Felix,Alexander-Parenteau,84798,issecosa,98,gmail.com,-1942763757,5877,Clark St.,94,Sagaponack,Virginia,45873
Matt,Nelson,24817,password1,75,ymail.com,2021721435,5254,Clark St.,77,Wyandanch,Washington D.C.,59325
Aaron,Nielsen,24964,pdefran,89,yahoo.com,-2076071096,5685,Jefferson Ave.,14,Mattituck,California,65506
Allan,Alexander-Parenteau,101287,xXmetallicaFan1992Xx,62,ymail.com,-1781184445,9465,Washington Ave.,14,Commack,Oregon,20599
Ryan,Harwitt,27713,helloWorld,43,ymail.com,1894749214,842,Joy Ct.,83,Massapequa,Georgia,52655
Patrick,Deever,34815,xXmetallicaFan1992Xx,83,gmail.com,-1730743298,706,Hollis Lane,83,Yaphank,New York,27876
Isaiah,Passino,77294,ehofallat,35,yahoo.com,-1156053414,3735,Armstrong Ave.,82,Quogue,Delaware,12543
Noah,White,24923,password1,1,rit.edu,-1540872412,7313,Harrison St.,54,Speonk,New York,10565
Rick,Tavares,84741,pdefran,15,yahoo.com,1375395784,8291,Harrison St.,75,Copaigue,Oregon,32948
Allan,Bailey,57498,adsdf,71,ymail.com,-2074424710,6396,Clark St.,93,Mattituck,Washington,53366
Isaiah,Passino,93731,ehofallat,57,ymail.com,1685488205,8085,149th St.,97,Yaphank,West Virginia,19569
Noah,Nielsen,22710,password1,69,yahoo.com,-1875108964,4836,James Ct.,59,Ronkonkoma,California,68282
Isaiah,Poulin,95032,pdefran,68,gmail.com,-1673054841,9616,Hicksville Road,19,Yaphank,Pennsylvania,18389
Brian,Nunes,73672,oduderrac,60,gmail.com,-1761524179,111,Hicksville Road,97,Quogue,California,71661
Allan,Tavares,69235,xXmetallicaFan1992Xx,65,gmail.com,2082770617,279,Harrison St.,75,Copaigue,Oregon,40619
Ryan,Nunes,33592,xXmetallicaFan1992Xx,99,yahoo.com,1321481017,2489,Hollis Lane,50,Mattituck,Washington,19607
Ryan,Barzal,77200,ehofallat,36,ymail.com,-1159850039,9585,149th St.,64,Ronkonkoma,New York,78626
Ben,Bailey,67750,oduderrac,58,yahoo.com,-1208731397,9478,King Dr.,54,Copaigue,Delaware,30283
Michael,Passino,11844,issecosa,44,rit.edu,-1093678006,7277,Armstrong Ave.,56,Hauppague,Louisiana,16194
Joel,Alexander-Parenteau,11139,pdefran,24,rit.edu,1526868223,1321,Jefferson Ave.,3,Copaigue,Virginia,68102
Brian,White,11599,issecosa,92,gmail.com,1516887725,4301,Clark St.,65,Massapequa,Pennsylvania,14461
Isaiah,Black,70513,qedoffifa,77,rit.edu,-1157282025,4734,Armstrong Ave.,16,Amagansett,Texas,70801
Noah,Nelson,47027,adsdf,13,ymail.com,1621252031,311,Washington Ave.,47,Commack,New Jersey,17389
Ricky,Bailey,75270,helloWorld,4,ymail.com,1577066822,9782,Harrison St.,52,Wyandanch,Pennsylvania,33570
Matt,Nelson,18838,adsdf,24,rit.edu,-1266118699,1265,Hollis Lane,20,Wyandanch,Virginia,61093
Brian,Tavares,33355,qedoffifa,33,ymail.com,1920104305,3712,Jefferson Ave.,85,Quogue,Oregon,11690
Josh,Deever,46512,helloWorld,74,ymail.com,1164673807,1299,Clark St.,76,Northampton,Pennsylvania,79100
Brian,Alexander-Parenteau,38688,oduderrac,28,gmail.com,1435765038,4450,Clark St.,82,Wyandanch,West Virginia,30386
Rick,Nelson,36845,issecosa,81,gmail.com,-2072305325,5122,Clark St.,65,Ronkonkoma,Pennsylvania,11392
Brian,White,102164,qedoffifa,80,yahoo.com,1724063932,1041,Hollis Lane,41,Massapequa,Texas,76087
Joel,Nilsson,10146,xXmetallicaFan1992Xx,94,yahoo.com,2011152038,3793,Joy Ct.,6,Mattituck,Maine,55606
Felix,Ryan,10908,adsdf,61,rit.edu,-1962986560,3049,Armstrong Ave.,85,Yaphank,Delaware,48803
Ricky,Passino,55310,ehofallat,63,gmail.com,1345894848,40,Clark St.,32,Commack,Texas,33415
Ricky,Nielsen,83686,pdefran,94,gmail.com,1814191386,608,Hollis Lane,92,Massapequa,Texas,19175
Rick,Tavares,102987,qedoffifa,63,gmail.com,-1849781044,8036,Washington Ave.,46,Ronkonkoma,Pennsylvania,74810
Ben,White,30099,password1,76,rit.edu,1162636963,2243,Jefferson Ave.,18,Yaphank,New York,63473
Ben,Ryan,53493,xXmetallicaFan1992Xx,50,gmail.com,1217699691,7584,King Dr.,81,Wyandanch,Delaware,51547
Allan,Barzal,60067,qedoffifa,72,rit.edu,-2054893977,1806,Hollis Lane,86,Quogue,Delaware,32242
Noah,Nilsson,76424,helloWorld,76,yahoo.com,-2122729177,7226,Washington Ave.,34,Massapequa,Georgia,65911
Ricky,Colliton,26275,helloWorld,11,yahoo.com,-1858574216,2808,King Dr.,12,Massapequa,California,30306
Matt,Alexander-Parenteau,28014,issecosa,41,ymail.com,-1709266769,7733,Joy Ct.,47,Mattituck,New Jersey,29957
Matt,Nielsen,106998,adsdf,74,yahoo.com,-1598415585,5516,James Ct.,42,Northampton,Florida,65298
Kevin,Nielsen,42901,qedoffifa,11,rit.edu,-1050259881,2145,149th St.,58,Ronkonkoma,Pennsylvania,43127
Patrick,Barreiros,108228,issecosa,78,rit.edu,-1290542382,3978,149th St.,60,Amagansett,New Jersey,76704
Josh,Black,77189,adsdf,34,ymail.com,-2117001378,1384,Jefferson Ave.,13,Speonk,Virginia,33547
Josh,Poulin,25243,qedoffifa,44,yahoo.com,-1478018067,5626,Clark St.,56,Ronkonkoma,Florida,64847
Felix,Passino,81209,oduderrac,42,rit.edu,-1867406401,6786,Armstrong Ave.,56,Massapequa,Washington,29750
Aaron,Barreiros,69720,adsdf,79,rit.edu,1951189461,8081,Washington Ave.,6,Wyandanch,Florida,19473
Brian,Barzal,11272,issecosa,17,rit.edu,1234970969,7145,Clark St.,94,Wantaugh,New Jersey,16111
Kevin,Harwitt,48881,oduderrac,4,gmail.com,1265441233,5788,Armstrong Ave.,9,Speonk,Washington,69494
Joel,Poulin,44144,adsdf,3,yahoo.com,1499778403,5184,Canal St.,44,Amagansett,Virginia,24512
Joel,Alexander-Parenteau,72045,helloWorld,64,gmail.com,1304619882,1278,James Ct.,21,Commack,New York,34245
Aaron,Barzal,69007,ehofallat,71,yahoo.com,-1601312703,8136,Harrison St.,80,Mattituck,Florida,55889
Noah,Deever,11901,helloWorld,9,yahoo.com,-1416622868,6825,Canal St.,70,Wyandanch,Florida,34885
Aaron,Passino,14920,password1,54,gmail.com,1960220653,3785,Clark St.,43,Wyandanch,Washington D.C.,48376
Allan,Nunes,60010,pdefran,87,gmail.com,-1688295396,7964,Washington Ave.,3,Northampton,Washington D.C.,48715
Kevin,Barzal,61099,helloWorld,59,yahoo.com,-1982356920,1304,Hollis Lane,83,Yaphank,New Jersey,37397
Aaron,Colliton,77768,xXmetallicaFan1992Xx,35,gmail.com,2112806891,8785,Armstrong Ave.,54,Massapequa,Louisiana,30229
Kevin,Nilsson,16960,helloWorld,47,gmail.com,1596029642,7599,Washington Ave.,22,Copaigue,Oregon,11206
Ryan,Harwitt,91133,qedoffifa,4,gmail.com,-1339320430,7934,James Ct.,43,Ronkonkoma,New York,53903
Ryan,Nunes,89870,pdefran,10,rit.edu,1214473761,7056,Joy Ct.,57,Copaigue,Washington,30239
Michael,Nilsson,31154,password1,99,gmail.com,1285360654,8475,Washington Ave.,81,Massapequa,California,34356
Isaiah,Ryan,79112,issecosa,78,yahoo.com,1386957425,8841,Harrison St.,79,Commack,Maine,79784
Rick,Nielsen,33301,pdefran,15,ymail.com,-1977697623,9173,149th St.,52,Sagaponack,California,60980
Brian,White,62325,helloWorld,80,yahoo.com,-1221411818,4997,Joy Ct.,98,Commack,New York,52747
Joel,White,44714,xXmetallicaFan1992Xx,12,gmail.com,-2111682092,3420,Clark St.,58,Wantaugh,Virginia,59055
Aaron,Tavares,27436,helloWorld,28,gmail.com,1218874564,7540,Joy Ct.,3,Massapequa,New Jersey,71273
Patrick,Tavares,82660,xXmetallicaFan1992Xx,8,gmail.com,-2125499090,182,Hicksville Road,55,Commack,Washington D.C.,25434
Noah,Colliton,56748,xXmetallicaFan1992Xx,31,yahoo.com,-1737091528,739,Hicksville Road,46,Massapequa,New Jersey,29321
Brian,Nilsson,28115,ehofallat,88,gmail.com,1868186181,8814,Canal St.,83,Quogue,Texas,57352
Ben,White,37212,helloWorld,63,ymail.com,-1898876529,4185,Harrison St.,51,Sagaponack,Florida,40766
Patrick,Harwitt,73794,xXmetallicaFan1992Xx,39,ymail.com,1902389557,3280,Washington Ave.,88,Wantaugh,Washington,59004
Michael,Colliton,60192,xXmetallicaFan1992Xx,35,rit.edu,-1890201168,7570,Joy Ct.,7,Yaphank,Texas,65093
Noah,Nilsson,60223,pdefran,53,ymail.com,-1865299237,8273,Joy Ct.,20,Speonk,Washington,13018
Ben,Passino,98547,oduderrac,41,ymail.com,-1145794259,4850,Armstrong Ave.,76,Quogue,Maine,33741
Allan,Alexander-Parenteau,74109,password1,78,yahoo.com,1357311512,1004,Hicksville Road,34,Hauppague,Delaware,57337
Ryan,Nilsson,24776,qedoffifa,91,yahoo.com,-1511998668,6086,Jefferson Ave.,1,Speonk,New Jersey,50373
Allan,Barzal,18449,pdefran,15,yahoo.com,1433122318,9725,Hicksville Road,38,Commack,Louisiana,32774
Aaron,Passino,31199,password1,90,ymail.com,-1050430647,8684,Washington Ave.,19,Ronkonkoma,Florida,78761
Ricky,Harwitt,97284,helloWorld,47,ymail.com,1455717648,5035,Hicksville Road,73,Massapequa,West Virginia,55149
Joel,Passino,78129,adsdf,44,yahoo.com,1990273174,8688,Joy Ct.,93,Mattituck,New Jersey,35227
Brian,Passino,47354,xXmetallicaFan1992Xx,82,rit.edu,1986912891,111,Canal St.,27,Hauppague,Georgia,15992
Felix,Black,24542,xXmetallicaFan1992Xx,12,yahoo.com,-1922760766,3260,149th St.,79,Speonk,New York,25432
Ricky,Black,33526,pdefran,57,rit.edu,1375669609,3606,Armstrong Ave.,90,Massapequa,New York,62156
Felix,Colliton,39756,adsdf,51,gmail.com,-2028414602,8697,King Dr.,49,Wyandanch,Washington,26362
Allan,Black,101558,adsdf,65,yahoo.com,1245172400,4746,Hicksville Road,16,Hauppague,Florida,23371
Matt,Alexander-Parenteau,40417,adsdf,100,yahoo.com,1728519080,8358,Clark St.,38,Speonk,West Virginia,72661
Ricky,Colliton,39260,xXmetallicaFan1992Xx,90,gmail.com,-1405060507,5807,Harrison St.,18,Northampton,Florida,72746
Ben,Poulin,61191,password1,94,rit.edu,-1628114664,8397,Canal St.,26,Hauppague,Georgia,42134
Kevin,Tavares,105653,password1,19,yahoo.com,-2123450473,7693,Canal St.,63,Wyandanch,New Jersey,20262
Isaiah,Deever,13648,qedoffifa,28,rit.edu,-1842031516,5403,Armstrong Ave.,43,Ronkonkoma,Washington,15233
Patrick,Black,52329,ehofallat,37,rit.edu,-1458393937,5227,Harrison St.,71,Wantaugh,Washington D.C.,40026
Ricky,Nunes,39185,adsdf,4,yahoo.com,1783528272,879,James Ct.,21,Wyandanch,Oregon,11204
Isaiah,Bailey,98195,qedoffifa,100,rit.edu,-1627424900,7917,Armstrong Ave.,34,Hauppague,Maine,67058
Ben,Harwitt,42152,ehofallat,63,rit.edu,1675434740,3294,Joy Ct.,97,Quogue,Delaware,32005
Ben,Barreiros,13012,issecosa,97,rit.edu,1589305722,7627,Harrison St.,76,Massapequa,California,58433
Joel,Nielsen,71847,oduderrac,73,gmail.com,-1998516582,5509,Harrison St.,76,Commack,Washington D.C.,41296
Felix,White,91014,adsdf,44,gmail.com,-1936335940,4779,149th St.,36,Sagaponack,West Virginia,49208
Michael,Deever,20305,password1,78,ymail.com,-1871695533,9781,Hicksville Road,1,Copaigue,West Virginia,71666
Michael,Passino,104986,pdefran,66,ymail.com,1789135158,4454,149th St.,92,Yaphank,Washington,43701
Aaron,White,76997,ehofallat,19,yahoo.com,-1880605370,9976,Clark St.,100,Wyandanch,Maine,23902
Ryan,Alexander-Parenteau,68382,helloWorld,43,ymail.com,-1884246260,9682,King Dr.,43,Quogue,Florida,22428
Joel,Passino,21502,adsdf,61,yahoo.com,-1327559690,924,Canal St.,57,Quogue,Texas,65065
Matt,Tavares,105032,qedoffifa,86,ymail.com,-1550968849,9488,King Dr.,51,Commack,Oregon,70567
Aaron,Passino,97188,xXmetallicaFan1992Xx,54,yahoo.com,-1989302320,6191,Hollis Lane,80,Commack,West Virginia,79720
Joel,Tavares,81899,issecosa,39,ymail.com,-1578289565,8511,Joy Ct.,84,Commack,Washington,29568
Isaiah,Bailey,72459,xXmetallicaFan1992Xx,17,gmail.com,-1927804557,1782,Jefferson Ave.,1,Quogue,Texas,55927
Allan,Alexander-Parenteau,78909,pdefran,45,rit.edu,-1560559294,2379,149th St.,29,Northampton,California,26618
Rick,Nunes,80404,issecosa,39,ymail.com,-1520655794,9956,Armstrong Ave.,13,Wantaugh,Oregon,72918
Ryan,Tavares,33985,ehofallat,6,rit.edu,1579224709,7424,Jefferson Ave.,32,Ronkonkoma,California,36374
Isaiah,Deever,32038,ehofallat,57,ymail.com,-1270070723,3607,Washington Ave.,88,Wantaugh,Florida,43320
Josh,Colliton,16445,issecosa,14,gmail.com,-1556760068,9040,Harrison St.,4,Wantaugh,New York,73712
Noah,Passino,31769,helloWorld,76,rit.edu,-1278378238,9882,Armstrong Ave.,78,Commack,Oregon,55691
Felix,Bailey,37512,pdefran,25,yahoo.com,-1845487571,7075,Armstrong Ave.,23,Amagansett,Virginia,70359
Rick,Passino,82808,password1,55,ymail.com,-1250241910,5295,Joy Ct.,93,Sagaponack,Washington D.C.,64253
Noah,Harwitt,65329,password1,5,yahoo.com,1330788688,1378,Joy Ct.,5,Yaphank,West Virginia,77152
Matt,Ryan,39458,password1,20,rit.edu,1674162191,9872,Canal St.,57,Ronkonkoma,New Jersey,75900
Isaiah,Nielsen,82503,issecosa,99,ymail.com,-1711489833,8098,Joy Ct.,47,Wantaugh,Virginia,35945
Rick,Barreiros,33742,qedoffifa,15,ymail.com,1374920789,1601,Clark St.,53,Quogue,Louisiana,77864
Joel,Deever,24290,helloWorld,9,rit.edu,-2002709579,6844,149th St.,38,Sagaponack,West Virginia,72069
Kevin,Deever,65755,issecosa,94,rit.edu,-1083502007,8703,Hicksville Road,27,Mattituck,Virginia,26539
Ricky,Poulin,60528,ehofallat,45,gmail.com,1835759143,8780,Hollis Lane,6,Hauppague,Georgia,79455
Rick,Barreiros,91143,pdefran,47,gmail.com,1440300927,3642,Washington Ave.,12,Ronkonkoma,California,13939
Ryan,Tavares,93468,password1,75,gmail.com,-1807193766,381,Joy Ct.,67,Yaphank,Maine,27318
Matt,Barzal,52412,issecosa,63,gmail.com,-2134125787,6678,Hicksville Road,36,Commack,Oregon,76578
Ben,Tavares,12904,issecosa,58,gmail.com,-1470684679,9976,Joy Ct.,94,Speonk,Maine,27075
Patrick,Nelson,104887,ehofallat,54,ymail.com,-1337870831,4995,Canal St.,75,Quogue,West Virginia,31584
Matt,Tavares,53952,oduderrac,65,ymail.com,2053341767,2824,Hollis Lane,79,Copaigue,Washington,27629
Matt,Tavares,84874,ehofallat,58,gmail.com,-1075739697,4008,Washington Ave.,85,Wantaugh,New Jersey,18172
Aaron,Barreiros,38008,ehofallat,54,yahoo.com,-1786622714,3173,Jefferson Ave.,27,Commack,New Jersey,57897
Ricky,White,25695,pdefran,91,gmail.com,-1617952100,6572,King Dr.,4,Ronkonkoma,Virginia,69243
Joel,Nielsen,53266,adsdf,94,rit.edu,-1254813167,8871,Harrison St.,94,Wantaugh,West Virginia,47623
Isaiah,Barreiros,98464,pdefran,1,gmail.com,1865747291,7470,Jefferson Ave.,54,Speonk,Washington,77613
Noah,Deever,57533,pdefran,68,yahoo.com,-1368768977,7414,Joy Ct.,62,Ronkonkoma,West Virginia,35936
Matt,Tavares,76560,qedoffifa,37,gmail.com,-2095290687,7523,Washington Ave.,69,Ronkonkoma,California,71292
Felix,Nelson,18448,pdefran,19,rit.edu,-1801994950,7542,Hollis Lane,1,Speonk,Oregon,14903
Ryan,Bailey,76947,helloWorld,14,rit.edu,1167215123,9180,Joy Ct.,94,Speonk,Washington,48673
Noah,Ryan,52074,adsdf,41,rit.edu,-1822217110,9163,149th St.,93,Wyandanch,Texas,79850
Ricky,White,43800,adsdf,61,rit.edu,2002753485,8382,King Dr.,72,Wantaugh,California,23433
Matt,Barzal,71094,qedoffifa,67,gmail.com,1533762083,2181,Canal St.,86,Copaigue,Delaware,18263
Felix,Alexander-Parenteau,93482,password1,55,rit.edu,-1603969042,615,King Dr.,63,Massapequa,Louisiana,18242
Felix,Nilsson,96452,pdefran,61,rit.edu,-2018399930,5990,Hicksville Road,30,Speonk,Louisiana,56053
Patrick,White,40498,password1,96,yahoo.com,1706366844,5883,Jefferson Ave.,21,Mattituck,West Virginia,34472
Josh,Black,27601,issecosa,28,ymail.com,-1611987026,5419,Harrison St.,75,Northampton,Washington,28204
Noah,Ryan,19203,ehofallat,86,rit.edu,1118349346,8499,Joy Ct.,9,Commack,Washington,53539
Noah,Nielsen,100506,helloWorld,40,ymail.com,-1820595684,2144,Hollis Lane,34,Northampton,New Jersey,68325
Allan,Nilsson,51313,qedoffifa,28,yahoo.com,-1635051809,4779,King Dr.,30,Massapequa,Delaware,36850
Joel,Deever,18890,adsdf,69,yahoo.com,-1673538700,5619,Hollis Lane,26,Speonk,Oregon,19604
Patrick,Tavares,40147,qedoffifa,16,gmail.com,1847958480,909,Jefferson Ave.,22,Amagansett,Georgia,43801
Michael,Ryan,25875,oduderrac,22,gmail.com,1747859924,2083,Jefferson Ave.,83,Sagaponack,West Virginia,54832
Aaron,Nelson,18616,password1,86,ymail.com,1754948951,6855,Hicksville Road,71,Hauppague,Georgia,27283
Noah,Ryan,36423,pdefran,81,gmail.com,2078624160,5261,Harrison St.,59,Mattituck,Texas,26799
Matt,Barreiros,85376,qedoffifa,86,gmail.com,1501294046,8462,Canal St.,95,Wyandanch,Georgia,51194
Brian,Colliton,44863,helloWorld,12,rit.edu,1176010065,8295,Harrison St.,41,Wantaugh,Pennsylvania,56230
Josh,Nelson,84119,xXmetallicaFan1992Xx,90,ymail.com,1202130369,8047,Clark St.,25,Speonk,Virginia,61806
Kevin,Colliton,91285,pdefran,89,gmail.com,1613817958,2554,Clark St.,86,Quogue,Oregon,79879
Ricky,Ryan,91002,oduderrac,32,gmail.com,-1878699549,7364,149th St.,2,Yaphank,Maine,19965
Joel,Alexander-Parenteau,45713,oduderrac,67,rit.edu,-1203809158,3969,Joy Ct.,90,Amagansett,Virginia,52235
Kevin,White,29436,helloWorld,38,gmail.com,2037539756,6660,Hollis Lane,10,Sagaponack,California,24542
Patrick,Nelson,107438,pdefran,23,gmail.com,-2145185500,6372,Joy Ct.,15,Hauppague,Maine,45966
Felix,Tavares,103884,adsdf,66,yahoo.com,-2040430533,7320,Joy Ct.,79,Sagaponack,Louisiana,28577
Allan,Alexander-Parenteau,16914,issecosa,27,ymail.com,2084176358,6259,James Ct.,70,Wyandanch,Maine,49443
Ryan,White,83026,ehofallat,100,gmail.com,-1978572091,8105,Joy Ct.,4,Copaigue,Washington,12199
Josh,Nilsson,33881,qedoffifa,59,rit.edu,1429713171,1286,Armstrong Ave.,36,Hauppague,California,43731
Patrick,Barreiros,90867,qedoffifa,60,ymail.com,2120034617,3654,James Ct.,21,Northampton,Maine,53722
Ryan,Tavares,74591,oduderrac,97,yahoo.com,-1742806237,5358,Clark St.,28,Hauppague,West Virginia,77961
Ricky,Bailey,73970,qedoffifa,96,ymail.com,-1377410476,9157,Armstrong Ave.,7,Hauppague,Washington,50794
Joel,Nielsen,91296,pdefran,66,gmail.com,2044099497,8783,Washington Ave.,42,Wyandanch,Florida,41888
Kevin,Passino,85982,helloWorld,82,ymail.com,1746905468,2980,James Ct.,17,Speonk,Georgia,47829
Isaiah,Colliton,104814,helloWorld,62,rit.edu,-1567431773,9647,King Dr.,19,Amagansett,Washington D.C.,76411
Ryan,Passino,70469,password1,11,gmail.com,-1389674785,1579,King Dr.,97,Wantaugh,New Jersey,13399
Noah,Barzal,79778,helloWorld,67,yahoo.com,1910911119,986,Canal St.,28,Quogue,Maine,39522
Rick,Poulin,79619,qedoffifa,13,ymail.com,1748398426,7623,Hollis Lane,79,Speonk,Florida,10557
Matt,Black,65920,adsdf,92,rit.edu,1303180356,2948,Hicksville Road,47,Commack,Delaware,11061
Joel,Passino,83595,qedoffifa,62,gmail.com,1130970092,6702,149th St.,43,Yaphank,New Jersey,75805
Felix,Poulin,32083,xXmetallicaFan1992Xx,50,yahoo.com,1619265338,3776,James Ct.,66,Yaphank,Virginia,56838
Noah,Passino,73354,issecosa,42,rit.edu,-1085132422,9016,Hicksville Road,74,Amagansett,West Virginia,23542
Kevin,Poulin,100411,helloWorld,24,rit.edu,-1155190405,4475,Hicksville Road,66,Wantaugh,Oregon,40360
Rick,Deever,102243,ehofallat,94,ymail.com,1854799844,5168,Hollis Lane,42,Amagansett,Florida,53773
Felix,Tavares,91413,issecosa,53,ymail.com,-1097336280,8759,Harrison St.,70,Amagansett,Delaware,62445
Joel,Ryan,76428,xXmetallicaFan1992Xx,100,yahoo.com,1752759934,1300,King Dr.,95,Sagaponack,Florida,10135
Ricky,White,52733,helloWorld,66,rit.edu,-1479015908,6736,149th St.,47,Speonk,Delaware,46487
Ricky,Tavares,68407,pdefran,53,yahoo.com,1369517075,7966,King Dr.,61,Yaphank,Pennsylvania,45965
Kevin,Passino,32522,ehofallat,1,rit.edu,1720732601,600,King Dr.,45,Speonk,Georgia,79643
Isaiah,Bailey,19168,qedoffifa,36,ymail.com,-1775125027,1933,Hollis Lane,6,Sagaponack,Washington D.C.,52149
Brian,Colliton,10901,pdefran,80,gmail.com,-1465902904,7027,Canal St.,3,Copaigue,Maine,68366
Brian,Ryan,65934,issecosa,35,ymail.com,-1265356084,5476,Armstrong Ave.,99,Wantaugh,California,10744
Joel,Tavares,85643,helloWorld,13,ymail.com,-1650835800,1113,Washington Ave.,52,Northampton,West Virginia,31858
Ricky,Alexander-Parenteau,88795,helloWorld,78,yahoo.com,1910525390,2081,Hollis Lane,87,Northampton,Louisiana,63226
Patrick,Black,91726,xXmetallicaFan1992Xx,26,gmail.com,-1618025997,4320,Hicksville Road,85,Wyandanch,Delaware,32832
Allan,Nielsen,87282,pdefran,40,rit.edu,-1117901398,5616,149th St.,57,Wyandanch,West Virginia,42050
Michael,Nelson,92529,helloWorld,73,rit.edu,-1479304156,7050,Joy Ct.,34,Yaphank,Pennsylvania,35462
Isaiah,Nilsson,74923,xXmetallicaFan1992Xx,46,gmail.com,1599011424,4033,Hicksville Road,52,Quogue,New York,40628
Kevin,Nelson,95875,xXmetallicaFan1992Xx,63,yahoo.com,-2059827056,577,Hollis Lane,29,Wyandanch,Washington,17099
Noah,Barzal,66399,password1,89,yahoo.com,-1867541007,4129,Armstrong Ave.,81,Sagaponack,Maine,28042
Rick,Deever,10522,ehofallat,58,rit.edu,-1563410033,4847,Harrison St.,82,Ronkonkoma,Florida,24605
Ben,Bailey,31974,pdefran,78,ymail.com,2019094951,859,Hicksville Road,76,Ronkonkoma,Louisiana,50345
Josh,Nielsen,90357,password1,33,ymail.com,-1362535588,9890,Clark St.,36,Commack,Washington,18602
Michael,Nielsen,73395,qedoffifa,69,yahoo.com,1847976210,7590,Clark St.,78,Wyandanch,Oregon,18920
Allan,Nielsen,88042,ehofallat,56,ymail.com,1778946002,9748,Canal St.,18,Wyandanch,New York,11493
Joel,White,71379,ehofallat,15,ymail.com,-1158510320,3581,149th St.,57,Wantaugh,California,76953
Matt,Alexander-Parenteau,95245,pdefran,11,yahoo.com,1499528388,7991,Jefferson Ave.,62,Commack,Delaware,76391
Matt,Nilsson,99634,helloWorld,77,rit.edu,-1960500403,4887,King Dr.,56,Yaphank,Louisiana,17285
Joel,Tavares,19603,pdefran,54,yahoo.com,-1225181605,2446,James Ct.,80,Ronkonkoma,New York,24065
Allan,Nelson,69191,issecosa,39,ymail.com,-1316534826,8987,Hicksville Road,11,Massapequa,Oregon,47372
Ben,Barreiros,41591,ehofallat,88,ymail.com,2060740468,5130,Harrison St.,4,Mattituck,Washington D.C.,70554
Isaiah,Nunes,55685,xXmetallicaFan1992Xx,92,yahoo.com,-1602356623,2575,King Dr.,52,Yaphank,West Virginia,64170
Josh,Barzal,37213,adsdf,47,rit.edu,-1467321420,6902,Joy Ct.,41,Ronkonkoma,West Virginia,14690
Brian,Poulin,109074,qedoffifa,99,rit.edu,2012396173,871,Harrison St.,68,Commack,Washington,77770
Ricky,Colliton,46172,password1,52,rit.edu,1430811005,6590,Canal St.,84,Hauppague,Louisiana,11571
Felix,Ryan,96522,qedoffifa,43,ymail.com,1810375359,99,Jefferson Ave.,1,Amagansett,Pennsylvania,18449
Ben,Barreiros,69180,pdefran,100,ymail.com,1113359809,2044,Clark St.,72,Amagansett,Maine,43134
Joel,Harwitt,22576,oduderrac,53,rit.edu,1566075868,3346,Canal St.,89,Massapequa,Virginia,70345
Ricky,Poulin,38166,oduderrac,55,yahoo.com,-2018568158,7729,Clark St.,20,Amagansett,New York,20464
Kevin,Tavares,22957,adsdf,1,rit.edu,1799239661,9343,Jefferson Ave.,50,Copaigue,Delaware,59544
Noah,Deever,51164,oduderrac,33,yahoo.com,2121835414,2398,Armstrong Ave.,72,Mattituck,Georgia,76191
Josh,Harwitt,46218,adsdf,25,gmail.com,1307577928,7379,149th St.,7,Commack,Texas,76769
Matt,Deever,25340,oduderrac,22,yahoo.com,-1293910464,1008,149th St.,97,Northampton,Georgia,50155
Ricky,Black,33888,issecosa,99,yahoo.com,-1838332858,502,Hollis Lane,32,Copaigue,Maine,54404
Rick,Nilsson,22414,issecosa,77,yahoo.com,1849785074,5708,Jefferson Ave.,50,Wyandanch,Texas,62202
Noah,Barzal,67753,xXmetallicaFan1992Xx,12,rit.edu,1654558507,6520,149th St.,32,Mattituck,Oregon,70924
Brian,Barzal,63919,issecosa,91,ymail.com,-1226496169,1621,Hicksville Road,41,Northampton,Delaware,65380
Josh,Tavares,97773,adsdf,75,gmail.com,-1370300434,8539,Harrison St.,57,Wyandanch,Virginia,35233
Allan,White,86763,oduderrac,41,yahoo.com,1878248285,135,Joy Ct.,42,Speonk,Washington D.C.,70555
Aaron,Bailey,60305,pdefran,66,gmail.com,-1140229437,7524,149th St.,16,Northampton,Pennsylvania,68409
Felix,Barreiros,16886,xXmetallicaFan1992Xx,29,yahoo.com,-1669031623,1595,Washington Ave.,60,Massapequa,New Jersey,29974
Ryan,Poulin,96575,xXmetallicaFan1992Xx,54,ymail.com,1886306884,5002,Harrison St.,95,Massapequa,West Virginia,62855
Noah,Deever,64144,qedoffifa,11,yahoo.com,-1271441191,7252,Harrison St.,49,Wyandanch,Maine,45002
Felix,Nilsson,33738,issecosa,3,ymail.com,-1428590234,7682,Harrison St.,51,Wantaugh,New Jersey,51903
Ryan,Passino,76909,issecosa,88,ymail.com,1425288781,5507,Clark St.,6,Commack,New York,40968
Ricky,Nunes,58870,issecosa,16,gmail.com,-1518811296,5790,Armstrong Ave.,7,Mattituck,Texas,32905
Aaron,Deever,34991,ehofallat,72,rit.edu,-1798696889,7743,James Ct.,81,Mattituck,New York,43404
Felix,Colliton,13973,ehofallat,13,yahoo.com,1748598227,9514,King Dr.,73,Wantaugh,Georgia,19518
Noah,Bailey,93573,xXmetallicaFan1992Xx,23,rit.edu,1597276800,1121,149th St.,94,Massapequa,West Virginia,60626
Ricky,Passino,35120,qedoffifa,60,rit.edu,1639615419,8280,James Ct.,45,Mattituck,California,25800
Isaiah,Colliton,82813,issecosa,64,rit.edu,1842534234,9885,Hollis Lane,61,Copaigue,Washington,65752
Allan,Alexander-Parenteau,66899,pdefran,72,rit.edu,-1955840347,1247,Armstrong Ave.,45,Massapequa,Florida,76754
Joel,Passino,63531,password1,35,yahoo.com,1827177674,9504,Jefferson Ave.,96,Wantaugh,Delaware,79098
Matt,Deever,77460,qedoffifa,89,ymail.com,-1046749202,6555,149th St.,92,Speonk,Louisiana,22132
Michael,Black,18310,ehofallat,43,gmail.com,-1131994576,7301,Armstrong Ave.,79,Ronkonkoma,Washington,21347
Patrick,Deever,64578,qedoffifa,82,yahoo.com,1353512161,7484,Canal St.,97,Wyandanch,New Jersey,14817
Noah,Black,68596,password1,5,ymail.com,1305991000,7891,Armstrong Ave.,57,Sagaponack,Washington,56458
Ricky,Alexander-Parenteau,17479,password1,97,ymail.com,1698920083,1749,Clark St.,95,Commack,Virginia,14850
Joel,Nunes,33385,adsdf,11,ymail.com,1730545810,3958,Jefferson Ave.,61,Massapequa,Florida,42171
Patrick,Deever,80237,oduderrac,22,rit.edu,-1314805330,8014,149th St.,94,Wyandanch,Georgia,35363
Felix,Black,34899,helloWorld,73,ymail.com,-2105620389,7261,Canal St.,74,Quogue,Oregon,63680
Josh,Nelson,74683,pdefran,81,ymail.com,-1214165432,7422,King Dr.,87,Quogue,Pennsylvania,34744
Aaron,Poulin,101314,issecosa,73,rit.edu,1300051145,3465,Jefferson Ave.,84,Wyandanch,Pennsylvania,27613
Ben,Nelson,95495,oduderrac,80,ymail.com,-1719354076,1455,149th St.,15,Northampton,California,46642
Ricky,Colliton,21935,adsdf,74,yahoo.com,-1918317203,4480,Clark St.,25,Northampton,Texas,17090
Josh,Passino,81515,oduderrac,6,ymail.com,-1446086190,4541,Armstrong Ave.,94,Massapequa,New Jersey,38357
Ben,Barreiros,80328,helloWorld,89,yahoo.com,-1713920485,4632,Hicksville Road,16,Ronkonkoma,Georgia,26628
Aaron,Harwitt,30712,oduderrac,44,gmail.com,1912557628,346,Hicksville Road,68,Sagaponack,Washington D.C.,34103
Brian,Nelson,40199,issecosa,41,yahoo.com,-1346958437,1631,Hicksville Road,59,Wantaugh,New York,11611
Joel,Alexander-Parenteau,12353,qedoffifa,23,rit.edu,1669728349,954,King Dr.,86,Wantaugh,Washington,20847
Patrick,Tavares,55241,issecosa,27,gmail.com,1576788193,558,Canal St.,84,Sagaponack,Virginia,65583
Joel,Alexander-Parenteau,27917,password1,65,rit.edu,-1097655320,2791,Canal St.,53,Commack,Maine,57299
Kevin,Nielsen,65210,issecosa,90,gmail.com,-1971120621,1715,King Dr.,59,Northampton,Oregon,36535
Isaiah,Bailey,19111,oduderrac,39,gmail.com,1924460513,6509,Joy Ct.,14,Sagaponack,California,48356
Ryan,Black,71248,issecosa,50,yahoo.com,-1369520570,6187,Joy Ct.,65,Ronkonkoma,Washington D.C.,14493
Kevin,Barreiros,98977,xXmetallicaFan1992Xx,45,yahoo.com,-1970706628,4904,Canal St.,78,Sagaponack,Florida,64415
Brian,Nelson,41147,issecosa,54,rit.edu,1936108907,8870,Harrison St.,84,Hauppague,West Virginia,23847
Aaron,Poulin,48740,oduderrac,30,rit.edu,-1294271583,5370,Hicksville Road,37,Speonk,New Jersey,36914
Ben,Barreiros,18844,adsdf,2,yahoo.com,1485434270,6499,Clark St.,87,Mattituck,Virginia,47255
Michael,Poulin,33107,qedoffifa,91,yahoo.com,1908797129,2524,Jefferson Ave.,14,Amagansett,Delaware,79579
Patrick,Alexander-Parenteau,76708,adsdf,59,rit.edu,-1938560628,4615,Armstrong Ave.,55,Northampton,Georgia,29441
Patrick,Ryan,52745,oduderrac,44,ymail.com,-1890262835,2042,Canal St.,63,Wyandanch,Louisiana,68018
Ricky,Poulin,65977,ehofallat,69,rit.edu,-1400374944,4832,Armstrong Ave.,56,Hauppague,Pennsylvania,14314
Allan,White,20987,adsdf,88,gmail.com,1521987339,9692,Clark St.,28,Mattituck,Virginia,33075
Ben,Nunes,52116,issecosa,70,gmail.com,1123407929,5038,Harrison St.,32,Northampton,New York,19255
