fname,lname,customerID,email,streetNumber,streetName,apptNum,city,state,country,zip
Danilo,Carroll,52240,angelique.treutel@hotmail.com,36516,Laurence Rest,89,Faheyton,Florida,United States,57101
Dominick,Kertzmann,56131,otis.mckenzie@hotmail.com,24603,Leuschke Islands,47,Chethaven,Colorado,United States,44883
Terrell,Schinner,34701,carmella.kassulke@yahoo.com,82,Lemuel Wells,72,West Louise,Florida,United States,29869
Malcolm,Champlin,73331,quintin.erdman@yahoo.com,5887,Medhurst Course,88,Caspermouth,Alabama,United States,64276
Billy,Muller,48779,broderick.dickinson@yahoo.com,9398,Milan Inlet,33,North Beliaport,Missouri,United States,32778
Kurt,Kshlerin,11786,fairy.pfeffer@yahoo.com,590,Rolfson Station,83,Fredericmouth,Washington,United States,80148
Tommie,Stark,88657,douglass.williamson@yahoo.com,417,Schuster Trail,87,Jesusaside,Illinois,United States,83192
Dorian,Ullrich,32339,lyndsay.kohler@gmail.com,15607,Emmanuel Roads,16,South Mohammadhaven,California,United States,11684
Danette,Ortiz,40749,lee.gottlieb@gmail.com,6393,Abbott Manors,34,Wunschburgh,Oregon,United States,34379
Marlena,Johnson,41430,lamont.white@gmail.com,1906,Wiegand Village,78,New Jude,Alaska,United States,14040
Mariela,Stoltenberg,43867,angel.blick@yahoo.com,77936,Lowell Hollow,18,North Tamrabury,Missouri,United States,87892
Walton,Rosenbaum,75174,antonio.pollich@yahoo.com,7133,Seymour Vista,70,North Doretheafurt,Idaho,United States,96150
Jena,Schuppe,93429,shon.bode@yahoo.com,88887,Wilton Inlet,13,Walkertown,New Hampshire,United States,85462
Adina,Hand,84244,scarlet.little@hotmail.com,9410,Koepp Hollow,3,Elroyborough,New Hampshire,United States,17016
Brenton,Hane,86006,reynalda.monahan@hotmail.com,884,Leuschke Run,77,Lake Mike,Michigan,United States,63177
Wilber,Leannon,87597,jodie.hackett@yahoo.com,52,Nathanael Squares,67,East Freddy,South Carolina,United States,45804
Osvaldo,Dickens,14363,curtis.schowalter@yahoo.com,434,Ziemann Gardens,41,South Elliottberg,Minnesota,United States,22467
Cameron,Lowe,57659,shea.jacobs@yahoo.com,46100,Jackelyn Village,34,Stammside,Massachusetts,United States,58158
Matt,Zemlak,92117,homer.davis@hotmail.com,749,Darius Canyon,54,East Sondra,Florida,United States,73097
Devin,Towne,94303,branden.ohara@gmail.com,763,Price Haven,17,South Pasquale,North Carolina,United States,16472
Willie,Rippin,71918,charlsie.stamm@gmail.com,82691,Salvador Expressway,39,Macejkovicbury,Wisconsin,United States,21003
Bambi,Nitzsche,82313,jaleesa.deckow@hotmail.com,7283,Turner Forges,23,Hunterstad,Georgia,United States,14061
Errol,Hansen,24942,kum.kshlerin@hotmail.com,685,Larhonda Extension,40,East Chrissy,Kentucky,United States,94817
Salome,Moen,67875,wanita.brown@hotmail.com,750,Sawayn Parkways,67,Port Randolph,California,United States,93793
Shelia,Borer,19838,michale.roob@gmail.com,60517,Skiles Shore,58,Kautzerland,Oklahoma,United States,66681
Cheryl,Breitenberg,57647,shavon.dubuque@hotmail.com,68140,Kris Crossing,84,Kenethmouth,North Carolina,United States,72592
Jerald,Rowe,27335,benton.rice@yahoo.com,8272,Corina Fields,52,North Felicitachester,Louisiana,United States,87531
Layla,Turner,62341,altagracia.murphy@gmail.com,2651,Hoeger Wells,57,Bellaside,Missouri,United States,39029
Armand,Wolf,77495,guadalupe.koss@gmail.com,74391,Reynolds Streets,73,Marvelchester,New Jersey,United States,52932
Lanell,Thompson,97425,doug.connelly@yahoo.com,2907,Evon Shore,68,Mohrtown,New Hampshire,United States,94322
Cedric,Macejkovic,60260,jeanette.christiansen@gmail.com,933,Beth Crest,2,North Rich,Maryland,United States,34405
Moshe,Kris,26835,lovie.hessel@yahoo.com,7085,Grimes Dale,71,South Francisfort,Vermont,United States,72739
Francesca,Rohan,54331,ahmad.rohan@hotmail.com,609,Stamm Shore,88,Glennborough,South Dakota,United States,52738
Darla,Hodkiewicz,12374,beryl.kiehn@gmail.com,7564,Myles Turnpike,31,Adrianland,New Hampshire,United States,70271
Isaiah,Muller,97617,myrle.ohara@gmail.com,737,Sipes Forks,87,Kyleport,Wisconsin,United States,71539
Fallon,Jenkins,73623,bradley.ward@hotmail.com,204,Ismael Ferry,71,East Veldaview,Tennessee,United States,37953
Tracy,Tremblay,71254,kathlene.crooks@hotmail.com,25,Nader Plaza,14,West Joycelynport,West Virginia,United States,42603
Sal,Stroman,92490,trenton.brakus@yahoo.com,37,Keeling Valley,55,North Geraldhaven,Alaska,United States,56512
Ed,Zieme,64889,jamar.witting@gmail.com,518,Lebsack Ports,85,Port Gilberto,New York,United States,93789
Rubin,Abbott,64151,earle.flatley@yahoo.com,91332,Willms Inlet,29,Lake Dannetteborough,Arkansas,United States,88315
Foster,Nitzsche,69318,lorelei.bahringer@gmail.com,218,Moises Walks,70,North Nannette,Maryland,United States,80369
Billie,Krajcik,31747,chaya.schiller@gmail.com,1034,Jonathan Mission,58,Trangfort,Massachusetts,United States,33402
Rudolph,Conroy,19589,fletcher.balistreri@hotmail.com,2049,Jutta Bypass,52,West Rachellland,Massachusetts,United States,89563
Santana,Wisoky,11112,sharie.kertzmann@hotmail.com,131,Leopoldo Expressway,35,North Marcelino,Virginia,United States,39240
Ivory,Barton,48113,lianne.mclaughlin@yahoo.com,285,Kovacek Street,47,Salvadorfort,North Carolina,United States,18195
Pam,Rau,62907,paulina.gleason@gmail.com,37763,Berge Spur,45,Kosstown,Hawaii,United States,93453
Breanne,Raynor,33651,reyna.schiller@yahoo.com,9887,Greenholt Mount,36,Emanuelmouth,Rhode Island,United States,79888
Margarito,Stehr,78751,glady.hoeger@hotmail.com,7533,Wan Shoals,50,Fritschhaven,North Carolina,United States,90121
Jesse,Mertz,80133,stuart.schmidt@yahoo.com,7799,Buck Courts,77,Daughertyton,Virginia,United States,84273
Burt,Russel,44928,juliane.moore@hotmail.com,4498,Kozey Islands,18,New Pasquale,Vermont,United States,77873
Carroll,Powlowski,68607,romeo.mraz@gmail.com,1197,Runolfsdottir Turnpike,21,Mosciskifurt,Nebraska,United States,25416
Akiko,Roberts,14858,vito.senger@yahoo.com,33240,Bogan Port,26,New Majorbury,Kentucky,United States,60284
Devon,Gleason,70601,jude.legros@hotmail.com,4633,Janet Tunnel,90,East Ladonnachester,New Mexico,United States,22052
Scottie,Friesen,96203,marinda.bins@gmail.com,637,Dee Route,50,Port Reuben,New Mexico,United States,53644
Alejandro,Dooley,75708,franklin.hudson@hotmail.com,8165,Schuppe Flat,63,Dovieview,Oregon,United States,51709
Arthur,Grant,76990,jordan.sporer@yahoo.com,8093,Senger Forge,25,New Lynwoodton,Iowa,United States,88839
June,Ernser,15577,elbert.schimmel@gmail.com,13881,Timmy Row,61,Adrienneberg,Idaho,United States,12305
Chung,Terry,27381,lupe.padberg@hotmail.com,152,Dorathy Turnpike,28,West Noreenview,Kentucky,United States,63063
Johana,Brown,74428,micheal.glover@hotmail.com,28379,Metz Cove,40,Port Sharda,Nebraska,United States,70319
Angela,Kub,32164,loria.koepp@hotmail.com,9263,Willena Hill,18,Vellahaven,Pennsylvania,United States,32742
Eleanor,Luettgen,25071,samira.windler@gmail.com,79134,Tyler Shoals,62,Lake Carlosfurt,Washington,United States,52702
Conchita,Armstrong,83562,leslie.block@gmail.com,506,Collin Expressway,8,Port Keenanfurt,Wisconsin,United States,77630
Murray,West,39928,marinda.dietrich@hotmail.com,7067,Lourdes Meadows,46,Wiegandside,Hawaii,United States,88281
Hoyt,Predovic,85483,rod.jenkins@yahoo.com,2398,Mikel Village,79,Nathanielview,New Hampshire,United States,83187
Giselle,Zemlak,36134,clarice.hoppe@hotmail.com,7382,Janee Brook,81,East Cythia,Nebraska,United States,39819
Marcelino,Moore,90163,dannielle.koelpin@yahoo.com,57995,Alexia Point,57,Robertsville,North Carolina,United States,23145
Roslyn,Braun,81172,lindsay.weissnat@gmail.com,87501,Schroeder Trail,64,West Diedraton,Missouri,United States,26701
Sherlene,Konopelski,36889,lorenzo.hagenes@hotmail.com,528,Halvorson Lakes,49,Stammton,New York,United States,88430
Blake,Tremblay,94409,douglas.orn@gmail.com,3189,Lesch Courts,86,Oberbrunnerview,Nebraska,United States,81158
Gisela,Bins,31384,agustin.larson@yahoo.com,516,Monserrate Trace,59,Trompport,Florida,United States,90995
Augusta,Murazik,74738,ada.emmerich@yahoo.com,195,Viki Viaduct,15,East Francescoberg,Indiana,United States,16041
Rose,Friesen,11070,tamisha.boehm@hotmail.com,321,Ratke Corner,74,Caitlinhaven,Idaho,United States,72123
Roman,Kuhn,58257,jaime.hickle@hotmail.com,39189,Rodriguez Streets,34,East Guy,Utah,United States,93172
Emerson,Hilll,67138,carmine.kunze@yahoo.com,952,Monty Street,90,Collierton,North Dakota,United States,40710
Eusebio,Williamson,30243,hiram.witting@gmail.com,445,Rogahn Extensions,52,Rochellport,Iowa,United States,53588
Joni,Hintz,19551,tanna.keeling@hotmail.com,685,Goyette Neck,84,East Randal,Massachusetts,United States,46633
Alonzo,Erdman,65186,joaquin.williamson@gmail.com,439,Myra Forges,89,South Daphne,Georgia,United States,18343
Johnson,Bahringer,59526,deangelo.hayes@hotmail.com,618,Wuckert Causeway,58,South Sheilaton,Connecticut,United States,37566
Hien,Lowe,71797,ernest.dickens@yahoo.com,4598,Kami Roads,65,Baileyfort,Nebraska,United States,69168
Shanelle,Braun,69048,rodrigo.robel@hotmail.com,711,Katharyn Cape,36,New Zachary,Louisiana,United States,87819
Janette,Harber,14868,macy.kertzmann@gmail.com,2395,Zemlak Plaza,34,Port Jeroldmouth,Pennsylvania,United States,86106
Marco,Fadel,39945,vito.mueller@gmail.com,26,Regenia Spring,34,East Floria,Tennessee,United States,26438
Neil,Robel,68045,jamel.hills@gmail.com,7795,Joanie Track,17,Lake Tyramouth,Rhode Island,United States,51349
Omer,Mayer,29177,bev.swift@yahoo.com,97530,Paucek Creek,23,Lubowitzfort,Utah,United States,59460
Alena,Jacobson,64395,domenic.turner@gmail.com,65065,Mayer Loaf,56,East Arthurburgh,Louisiana,United States,41526
Julian,McGlynn,15288,raymond.jakubowski@yahoo.com,349,Wilton Lodge,72,East Moses,Virginia,United States,49629
Shae,Lowe,30352,eli.frami@hotmail.com,1639,Lebsack Key,19,Starkfort,Virginia,United States,93529
Von,Torp,59925,nicol.roob@hotmail.com,837,Hickle Fork,29,Hammesstad,West Virginia,United States,84927
Lamont,Kuhlman,43426,antonetta.abernathy@gmail.com,47763,Carline Gardens,3,Kyleview,Alaska,United States,49555
Sharice,Ullrich,36568,margarite.flatley@yahoo.com,5906,Rohan Rest,43,West Doug,Texas,United States,77756
Margarite,Gerhold,19161,frankie.schulist@yahoo.com,2975,Johnson Shores,33,Wesbury,Arkansas,United States,28876
Sheldon,Mosciski,16248,matt.rippin@hotmail.com,379,Angelo Rest,69,Keithborough,Washington,United States,45857
Barney,Grimes,65529,tera.frami@yahoo.com,467,Jenette Villages,1,Rutherfordhaven,Utah,United States,13813
Nydia,Wyman,63764,wanita.farrell@hotmail.com,158,Marlin Parkways,84,West Christinialand,Tennessee,United States,86718
Mandy,Boyle,82117,horacio.bechtelar@yahoo.com,82117,Weissnat Hollow,14,Ortizport,Maine,United States,50982
Myles,Kulas,83542,necole.trantow@hotmail.com,1177,Bulah Crest,57,Tyronhaven,Pennsylvania,United States,44280
Granville,Langosh,13703,garland.bauch@hotmail.com,8611,Karmen Fords,89,Dudleyborough,Nebraska,United States,74822
Krysten,Kerluke,20879,tania.carroll@gmail.com,38524,Pollich Way,39,North Chi,Connecticut,United States,50402
Chang,Green,56130,lemuel.beatty@yahoo.com,55237,Gleichner Forge,67,Estellstad,Utah,United States,55251
Boris,Lubowitz,66092,rozanne.jast@yahoo.com,8524,Kunde Fort,67,Dalenemouth,Georgia,United States,80132
Erin,Lockman,71252,cristopher.lynch@gmail.com,52279,Francine Burgs,19,Langborough,Kentucky,United States,73583
Samual,Bogan,94451,nereida.kozey@hotmail.com,9722,Margret Views,39,South Shemika,Rhode Island,United States,78957
Drusilla,Ebert,13037,kirk.turner@yahoo.com,87508,Jerde Green,75,East Trentmouth,Nevada,United States,39075
Genevie,Marquardt,76224,danial.armstrong@yahoo.com,89139,Douglas Loop,37,Port Royalton,Maryland,United States,19862
Vonnie,Satterfield,25335,victor.bernhard@yahoo.com,272,Marco Lane,54,Lake Colby,Virginia,United States,32434
Cathleen,King,87177,genaro.harvey@hotmail.com,38962,Marvin Rapid,62,East Jody,Maine,United States,34932
Lauren,Romaguera,55873,calista.rosenbaum@gmail.com,451,Daniel Port,71,South Wayne,Rhode Island,United States,44712
Abel,Lebsack,90175,erick.lynch@hotmail.com,9692,Babette Ford,41,Conniemouth,Louisiana,United States,21851
Jaleesa,Corwin,20012,dominque.boehm@yahoo.com,1702,Cindi Junction,26,South Marxport,Maine,United States,76759
Sunday,Erdman,68218,cassie.dooley@gmail.com,42703,Kemmer Ford,46,Shaquitafurt,Colorado,United States,31300
Pei,Pacocha,19968,ryan.gislason@hotmail.com,99791,Tremblay Walk,90,South Toney,South Dakota,United States,62072
Merle,Ortiz,70696,judson.rowe@gmail.com,93512,Clarice Circle,12,Valdaville,Arizona,United States,90874
Maximo,McLaughlin,62378,kourtney.block@gmail.com,16464,Jamee Center,41,Gaynellland,Michigan,United States,38011
Deandre,Gleason,14796,johnnie.lebsack@yahoo.com,6920,Stroman Trail,16,Ziemebury,Oregon,United States,29261
Lael,Wiegand,84025,my.harris@yahoo.com,6213,Torphy Terrace,14,Perryland,Maine,United States,60362
Barb,Zulauf,87530,jamaal.schinner@hotmail.com,481,Wintheiser Center,8,Wolffort,Alaska,United States,18260
Damian,Hegmann,41333,irish.schinner@hotmail.com,753,Caterina Inlet,65,Wilkinsonstad,Washington,United States,25589
Maris,Mayert,34925,erna.kunde@gmail.com,8805,Jast Spurs,30,Arvillaland,Georgia,United States,41442
Frederick,Cruickshank,11149,yasmine.hyatt@gmail.com,92292,Addie Plains,73,North Lindsay,New Mexico,United States,83250
Charlesetta,Okuneva,65024,codi.padberg@hotmail.com,12,Durgan Parkway,66,East Tabethastad,Indiana,United States,19544
Alfonzo,Pollich,46739,vernon.murphy@gmail.com,665,Lehner Court,33,Sterlingmouth,Alabama,United States,85755
Toney,Okuneva,54611,guillermina.treutel@yahoo.com,18335,Daugherty Walk,51,North Salvadorborough,Alaska,United States,56077
Anabel,Dicki,66626,bernardina.nader@yahoo.com,664,Greenfelder Pine,55,Port Shayne,Louisiana,United States,72826
Carmina,Mann,31194,cory.kreiger@gmail.com,152,Lloyd Divide,63,Malcombury,Connecticut,United States,76720
Maribel,Gislason,74765,susan.gutmann@gmail.com,7182,Dibbert Rest,86,Jayechester,New Jersey,United States,15252
Marion,MacGyver,12322,tyrone.gottlieb@yahoo.com,9699,Rutherford Burgs,63,Port Rhoda,Iowa,United States,51391
Geraldine,Anderson,34189,daphine.windler@gmail.com,3961,Stehr Canyon,71,Port Laneburgh,North Carolina,United States,27274
Fausto,Shields,78225,bobbie.abbott@yahoo.com,9952,Karly Cliff,2,North Renatoshire,New Jersey,United States,38213
Evelina,Leffler,63816,daniel.anderson@hotmail.com,3598,Gislason Parkway,52,Port Robertoland,Arkansas,United States,94736
Harold,Wehner,20516,song.heaney@hotmail.com,9666,Art Loop,34,Jarredland,South Carolina,United States,91998
Brande,Schuppe,56001,joye.cummerata@gmail.com,4225,Cortez Brooks,17,South Sonfort,Kentucky,United States,31833
Celina,Langosh,29286,retta.goodwin@yahoo.com,307,Stewart Ridge,14,Alenefort,Illinois,United States,41955
Richie,Jakubowski,82306,tristan.prosacco@yahoo.com,1020,Cortez Stravenue,18,Streichton,Mississippi,United States,12017
Ed,Marks,68678,elvina.becker@yahoo.com,3611,Alan Manor,45,Clementefort,Wyoming,United States,79820
Dion,Thompson,39842,donnell.zulauf@gmail.com,40011,Turner Junction,51,Lake Henriette,South Dakota,United States,57032
Janita,Tromp,79499,inell.schuppe@yahoo.com,55827,Kertzmann Square,48,Keeblershire,Virginia,United States,71352
Annemarie,Rogahn,41104,syble.krajcik@hotmail.com,67,Bobbye Valley,38,Boscomouth,Alaska,United States,93180
Joanna,Lindgren,23499,randal.damore@yahoo.com,67904,Merilyn Summit,20,North Kendra,Wyoming,United States,46175
Ona,Weber,12204,katherin.boehm@gmail.com,54031,Lindgren Row,30,North Renay,Louisiana,United States,76112
Rona,Morissette,56479,genaro.will@yahoo.com,2351,Mohr Tunnel,52,West Yvetteborough,Arkansas,United States,62850
Fernande,Muller,38778,coretta.hoppe@yahoo.com,75790,Lang Road,67,Berryfort,Kentucky,United States,50043
Lakenya,Roberts,16799,frederick.feil@gmail.com,877,Runte Valleys,20,South Miguel,South Dakota,United States,98092
Elvis,Schaefer,56901,benito.frami@gmail.com,2446,Lebsack Harbor,42,New Borisberg,Arizona,United States,18618
Sheena,Kovacek,38738,rob.rau@yahoo.com,642,Luther Brooks,85,Ashleeside,Montana,United States,53548
Leslee,Shanahan,84417,kurtis.murazik@gmail.com,421,Bins Drive,35,Renatohaven,California,United States,53502
Mohammed,Kuhic,62383,danika.ortiz@yahoo.com,51762,McCullough Point,89,East Myrahaven,Mississippi,United States,57174
Temple,Mohr,13063,malcolm.ziemann@gmail.com,4298,Smith Common,35,Alejandrofurt,Mississippi,United States,55089
Ron,Sauer,64524,kenny.ortiz@hotmail.com,1462,Yundt Mountains,2,Marymouth,Oklahoma,United States,45189
Celine,Boehm,37188,wallace.turner@hotmail.com,12443,Leslie Rapids,30,Estefanatown,South Carolina,United States,78496
Jeanice,Predovic,57277,hoyt.ankunding@hotmail.com,9533,Kulas Club,84,Morissetteton,Missouri,United States,33753
Reyes,Raynor,48474,ronny.raynor@gmail.com,294,Bins Street,40,Doyletown,Indiana,United States,19170
Ron,Stiedemann,76843,erich.hartmann@gmail.com,781,Kyra Pine,50,South Reyesfort,Oklahoma,United States,19322
Bridgett,Kub,60678,quintin.ullrich@gmail.com,4175,Hilpert Extension,34,North Rigoberto,Maryland,United States,61081
Erline,Predovic,97078,trey.tromp@yahoo.com,513,West Center,74,Lake Breanne,Oregon,United States,40582
Griselda,Pfannerstill,58670,cristen.rippin@yahoo.com,744,Pfeffer Springs,49,Lake Augustus,Rhode Island,United States,81252
Carroll,Walter,52265,carol.daniel@yahoo.com,9270,Coy Extensions,90,Hildemouth,Massachusetts,United States,73378
Chance,Rosenbaum,18124,lane.lakin@yahoo.com,92039,Zboncak Locks,78,Jeannetteland,Pennsylvania,United States,15449
Deon,Gibson,23927,kami.davis@hotmail.com,68904,Parisian Corners,15,North Fidel,Maine,United States,33147
Jude,Paucek,67192,gene.wisozk@hotmail.com,350,Donetta Burgs,41,South Marcusland,Hawaii,United States,24412
Corene,Mills,25730,elwanda.morissette@gmail.com,59,Jacobson Villages,73,West Juana,Nevada,United States,24591
Milan,White,66617,chang.wuckert@yahoo.com,35184,Emanuel Radial,53,East Jana,South Dakota,United States,88075
Archie,Muller,23082,edgar.huels@gmail.com,1515,Lynell Junctions,33,West Bonnie,Nevada,United States,47062
Judie,Toy,65387,hyacinth.bernier@hotmail.com,5003,Harry Knolls,35,South Katherinaview,Alabama,United States,90212
Roberto,Goyette,73105,weston.schowalter@yahoo.com,39,Emory Prairie,33,West Tyfort,Texas,United States,82372
Luke,Quigley,57552,jen.crist@hotmail.com,116,Trantow Summit,71,Port Shirlview,Hawaii,United States,12165
Ezequiel,Leuschke,34148,coletta.conn@hotmail.com,965,Batz Mission,70,Boyleburgh,Massachusetts,United States,86208
Lino,Moore,75285,lauren.schuppe@yahoo.com,98337,Marvin Stravenue,44,East Minhberg,Nevada,United States,37046
Evelia,Bednar,32544,odilia.fritsch@hotmail.com,6684,Audie Landing,12,West Chereemouth,Connecticut,United States,40205
Reatha,Corkery,63045,horace.skiles@gmail.com,22136,Claris Vista,6,Huelhaven,North Carolina,United States,74935
Dion,Kuhic,54699,grady.marks@hotmail.com,76757,DuBuque Course,83,Port Eboni,North Dakota,United States,77654
Karissa,Altenwerth,99292,enedina.connelly@gmail.com,7470,Heidenreich Field,55,South Cindieport,West Virginia,United States,55966
Misty,Stark,13266,pei.bailey@yahoo.com,53833,Zackary Terrace,29,Adanview,New Jersey,United States,66031
Easter,Quitzon,24548,nicholas.hodkiewicz@yahoo.com,500,Rubie Trail,14,North Zanachester,Wyoming,United States,59004
Jonell,Cronin,87684,francesco.mckenzie@gmail.com,5196,Ferry Isle,56,Lakinland,North Carolina,United States,80323
Sharonda,Durgan,65093,ronny.bailey@gmail.com,169,Yundt Valleys,66,Zemlakside,Arizona,United States,97113
Carlie,Moore,53049,brandon.osinski@hotmail.com,524,Wiley Key,63,New Deandrefort,South Carolina,United States,58052
Madeleine,Tromp,95331,zenaida.von@gmail.com,8716,Bogan Forges,55,McKenzieside,Nebraska,United States,50466
Deidre,Hirthe,58519,julienne.cole@yahoo.com,24383,Marquardt Prairie,47,Awildafurt,Iowa,United States,62643
Don,Deckow,32635,garrett.hahn@yahoo.com,8215,Heidenreich Dam,28,South Emeryberg,Alabama,United States,12468
Georgie,Mueller,92897,dusty.ryan@hotmail.com,669,Renner Corners,88,East Robin,Florida,United States,10983
Elaina,Hessel,22413,chelsie.sipes@hotmail.com,197,Powlowski Viaduct,33,Port Royce,Washington,United States,14601
Kenton,Bergstrom,38902,darnell.mitchell@hotmail.com,98614,Howe Walk,68,Beckerville,West Virginia,United States,43637
Art,Harber,25952,kevin.kihn@yahoo.com,7508,Zina Knolls,57,Lake Buenaside,Florida,United States,36348
Steffanie,Kertzmann,89242,myron.kreiger@yahoo.com,825,Reynolds Route,56,Capriceville,Texas,United States,65170
Christia,Cole,46654,maren.crist@yahoo.com,3522,Chrystal Lakes,32,East Dylan,Indiana,United States,55814
Kimbra,Welch,51595,della.skiles@hotmail.com,1017,Runte Burg,30,North Janeen,Nebraska,United States,66423
Alfred,Ledner,31342,jaime.nikolaus@gmail.com,763,Toy Stravenue,82,West Gregorio,Missouri,United States,61070
Clifton,Dietrich,93977,kyla.feeney@hotmail.com,8607,Carter Mountain,79,McClurehaven,New Jersey,United States,96307
Coralie,Torphy,94744,granville.dare@yahoo.com,2671,Rupert Estate,73,Clairside,Wyoming,United States,31007
Kip,Hegmann,18667,helena.koepp@gmail.com,5545,Heaney Trafficway,51,Adriannaborough,Arkansas,United States,50141
Nicky,Carroll,97809,rogelio.braun@gmail.com,28856,Scott Rapids,55,Lueilwitzview,Ohio,United States,26128
Valentin,Kilback,13035,avery.friesen@yahoo.com,19433,Funk Crescent,12,Port Araceli,Iowa,United States,98691
Lucilla,Mayer,77665,linwood.kshlerin@gmail.com,306,King Inlet,22,North Chishire,Oklahoma,United States,65927
Elane,Hayes,89691,faith.mohr@gmail.com,46,Mueller Harbor,42,Zboncakhaven,Idaho,United States,20393
Oscar,Steuber,68031,ben.hayes@yahoo.com,61128,Powlowski Hills,74,Jesseborough,Delaware,United States,93540
Ila,Anderson,10482,aletha.wintheiser@gmail.com,664,Haag Roads,81,West Quinnside,Louisiana,United States,82349
Wendell,Goyette,87043,jeromy.grant@gmail.com,620,Ortiz Camp,31,New Traceeburgh,Mississippi,United States,74201
Steven,Hoppe,88217,susy.hansen@gmail.com,5545,Francisco Key,81,East Jovan,Montana,United States,76691
Evelina,Hansen,65757,loren.ferry@hotmail.com,7002,Nidia Walk,84,Lake Joy,Utah,United States,33305
Waylon,Block,98515,marita.bechtelar@gmail.com,576,Ferdinand Port,44,Strackeport,New Jersey,United States,60349
Trish,Walter,48834,will.bahringer@hotmail.com,76390,Carlo Meadow,3,West Stanton,Michigan,United States,86154
Suzann,Johnson,33568,cornell.mitchell@yahoo.com,175,Vicenta Tunnel,9,Terryhaven,New Mexico,United States,44386
Gino,Ratke,17443,paige.koepp@yahoo.com,183,Weber Streets,39,Lake Andyview,Idaho,United States,53895
Wilmer,Jacobson,75500,robt.quitzon@hotmail.com,62058,Doyle Greens,14,New Owenbury,Alaska,United States,34492
Marine,Erdman,72784,freddy.mclaughlin@yahoo.com,9006,Hessel Landing,76,Chanellestad,Maine,United States,33893
Granville,Wunsch,69148,carley.emmerich@gmail.com,67990,Yvonne Pine,72,Nienowhaven,Connecticut,United States,21134
Isaias,Leannon,94435,cherry.thiel@gmail.com,16520,Ed Pike,89,New Mohammad,West Virginia,United States,93892
Danny,Feest,53004,ninfa.okon@hotmail.com,70336,Cecille Lodge,50,South Lewisborough,Idaho,United States,55000
Ivory,Herzog,20922,burton.schmeler@yahoo.com,75865,Rueben Gardens,66,Shaunport,Pennsylvania,United States,84217
Marlon,Cronin,17134,oralee.littel@hotmail.com,3049,Wyman Expressway,45,Lisbethborough,Indiana,United States,87416
Wendie,Kovacek,74417,digna.beatty@hotmail.com,251,Ankunding Heights,7,North Boyce,North Carolina,United States,20818
Gordon,Dicki,44097,andre.windler@gmail.com,98147,Chuck Spur,85,Lake Pia,Montana,United States,66470
Corrina,Aufderhar,41952,brian.parker@hotmail.com,5678,Elicia Path,43,South Anette,Kansas,United States,22145
Sherril,Fahey,19796,paulina.rosenbaum@gmail.com,19336,Mandy Oval,86,West Quyen,Texas,United States,60646
Gisele,Luettgen,19188,tamera.dibbert@gmail.com,8201,Huels Underpass,74,Port Willy,Idaho,United States,87909
Gisele,Leannon,27982,maxwell.schiller@yahoo.com,65795,Runolfsson Landing,35,Baileyborough,Delaware,United States,80732
Mason,Hagenes,75545,nicky.dare@gmail.com,56,Hamill River,24,Erlineport,North Carolina,United States,48364
Marx,Kuhic,51442,carey.bayer@hotmail.com,481,McKenzie Green,90,East Clifton,Pennsylvania,United States,20077
Zachariah,Olson,13803,basilia.runolfsson@gmail.com,2824,Wilford Port,27,Lake Akilahchester,Wisconsin,United States,77422
Tommie,McClure,31112,kina.king@gmail.com,185,Davis Curve,7,Vanitastad,Wyoming,United States,45177
Jackson,Pfannerstill,52725,candace.schowalter@gmail.com,3406,Howell Parkway,60,Koeppside,Michigan,United States,10804
Samara,Flatley,27502,edward.collins@hotmail.com,1113,Koelpin Prairie,5,Port Valentine,New Mexico,United States,43785
Arturo,Witting,36996,calista.kub@yahoo.com,923,Ashanti Circles,26,Damionville,Virginia,United States,51380
Johnie,Smitham,40579,nick.glover@gmail.com,189,Wendie Ranch,44,Tressaton,Minnesota,United States,80158
Ellsworth,Jacobson,21468,rey.deckow@gmail.com,4096,McGlynn Orchard,88,Treutelshire,Oklahoma,United States,96900
Juliet,Wehner,43261,garth.schuster@yahoo.com,121,Anibal Neck,72,Sheldonville,Hawaii,United States,24855
Winfred,Schowalter,25557,katelynn.kutch@hotmail.com,28463,Bogisich Brooks,11,Estafort,Texas,United States,16422
Elisha,Gleichner,47439,shannon.damore@hotmail.com,59695,Schroeder Manors,7,North Anton,Illinois,United States,80494
Malcolm,Rowe,91437,trenton.price@gmail.com,9646,Harris Walks,87,Simonisberg,Mississippi,United States,50972
Asa,Lindgren,81855,nieves.deckow@hotmail.com,61,Ledner Ridges,56,New Huong,Kentucky,United States,39500
Liz,Romaguera,28294,santos.ohara@hotmail.com,8613,Fredrick Glens,64,Ziemannmouth,New Hampshire,United States,35800
Ulysses,DuBuque,51496,wendell.pouros@gmail.com,89600,Ervin Ville,42,Tarenchester,Arkansas,United States,21918
Anthony,Little,57114,dalia.pouros@gmail.com,393,Wilderman Gateway,46,Croninview,Tennessee,United States,35672
Cary,Hagenes,90684,francina.schaefer@yahoo.com,89111,Cruz Row,11,Buckridgeberg,New York,United States,21416
Darwin,Dooley,84617,angelo.pollich@yahoo.com,65337,Ailene Dale,4,Milissabury,Rhode Island,United States,91813
Walter,Mayert,31383,venice.klocko@hotmail.com,4370,Peter Alley,43,Gerlachshire,Alaska,United States,43226
May,Kunde,43002,necole.prohaska@yahoo.com,4639,Ross Grove,74,West Kenton,Utah,United States,48654
Danny,Pfannerstill,38123,rhiannon.blanda@gmail.com,9551,Mariana Throughway,39,Amieeview,South Dakota,United States,39081
Numbers,West,95528,anglea.feeney@yahoo.com,4631,Doyle Oval,67,Hintzchester,North Dakota,United States,13359
Dewayne,Block,44604,ariel.botsford@gmail.com,30252,Lind Island,89,Kulashaven,Missouri,United States,10982
Tory,Koss,20915,hosea.zemlak@gmail.com,5463,Nigel Rest,79,Dignabury,West Virginia,United States,73704
Armand,Mohr,45810,alphonso.reinger@hotmail.com,3806,Heathcote Centers,76,Wunschland,Washington,United States,22406
Jude,Kirlin,36777,lee.bergnaum@yahoo.com,788,Alisa Inlet,37,Leschville,Georgia,United States,92731
Eddy,Windler,20804,deon.olson@yahoo.com,2616,Denise Coves,69,Lake Hugh,Wisconsin,United States,84636
Refugio,Hagenes,25271,tiny.blick@yahoo.com,63436,McCullough Curve,68,New Lloydfurt,Hawaii,United States,16488
Hilary,Nicolas,89764,maida.wyman@yahoo.com,885,Sheldon Highway,89,Wittingland,Illinois,United States,59309
Noah,Johnston,64545,travis.moen@yahoo.com,44423,Jann Skyway,11,Port Ericstad,Michigan,United States,48637
Exie,Bauch,96819,kendrick.farrell@yahoo.com,1342,Maggio Unions,3,Adamside,Colorado,United States,76084
Annalisa,Smith,78463,sammie.crist@gmail.com,517,Leannon Way,37,Pacochaside,Illinois,United States,97686
Miguel,Kuhic,69563,anthony.schultz@yahoo.com,764,Berneice Glen,67,Kuphalton,Illinois,United States,61279
Jacquetta,Durgan,50562,humberto.osinski@hotmail.com,16146,Eric Track,81,Marvinville,Maine,United States,42050
Fred,Schneider,62097,emeline.marvin@hotmail.com,903,Mohr Locks,29,Port Leo,Massachusetts,United States,41457
Davis,Koepp,85473,markus.schaden@hotmail.com,7880,Genevive Landing,80,Port Shalon,South Carolina,United States,92362
Donnell,Wilderman,83960,foster.spencer@gmail.com,3656,Lindgren Ports,81,Yundtchester,Alaska,United States,15527
Cathey,Durgan,85845,rosendo.schuppe@gmail.com,494,Wuckert Brooks,81,East Bernie,South Carolina,United States,51835
Tamala,Fisher,11489,kenneth.steuber@hotmail.com,85345,Thiel Pine,12,Port Judsonton,Florida,United States,70745
Rolland,Nikolaus,14034,fabian.erdman@gmail.com,500,Pacocha Plains,13,Port Angelia,Maryland,United States,80623
Celestine,Beier,57836,porfirio.kiehn@hotmail.com,96134,Lucretia Crossroad,36,Larsontown,Arizona,United States,57098
Adele,Yundt,85551,frank.dare@yahoo.com,217,Wilmer Hills,9,South Russellhaven,Texas,United States,84820
Janell,Ankunding,20871,tameka.hudson@hotmail.com,92245,Raylene Union,11,South Zeniahaven,Pennsylvania,United States,97480
Lyn,Zboncak,37693,september.luettgen@hotmail.com,36874,Hyman Parkway,86,Lake Yolando,Massachusetts,United States,25788
Jonelle,Wuckert,67431,jamison.fay@gmail.com,119,Anibal Well,45,Murrayview,Arkansas,United States,78914
Man,Christiansen,25855,marta.white@gmail.com,16432,Jerde Fords,27,South Dawn,North Dakota,United States,38167
Reid,Hodkiewicz,38535,barney.ortiz@gmail.com,9928,Florance Terrace,14,Lake Ava,Louisiana,United States,58358
Wesley,Bartell,88499,maye.hickle@hotmail.com,119,Schneider Ways,47,Lake Cris,Wyoming,United States,18514
Claud,Mertz,26166,alberto.langworth@yahoo.com,59895,Clifton Lock,89,Brakusside,New Mexico,United States,77238
Kristeen,Ferry,18298,margorie.green@yahoo.com,695,Rogahn Pines,24,Montetown,Arizona,United States,65575
Dodie,Gottlieb,16858,pansy.dibbert@yahoo.com,5635,Lueilwitz Shore,16,Raynorborough,Massachusetts,United States,27095
Dorris,Lowe,76029,lucienne.mante@yahoo.com,155,Hartmann Mission,78,New Maximina,Illinois,United States,14192
Zola,Sanford,96177,alejandro.little@hotmail.com,97277,Dillon Knoll,16,Rodriguezmouth,South Carolina,United States,30909
Oscar,Gerlach,15682,roy.weimann@gmail.com,808,Nitzsche Spurs,32,South Shalonchester,Massachusetts,United States,95821
Ozell,Ritchie,98530,logan.stiedemann@yahoo.com,62,Murray Mountain,35,South Jamieview,Maryland,United States,76608
Genaro,Cole,46522,jean.stehr@hotmail.com,82512,Shawnta Summit,87,East Matt,Louisiana,United States,58346
Chung,Abbott,86621,adina.mante@hotmail.com,826,Schinner Knolls,23,Lake Donovanport,Nebraska,United States,70797
Nichole,Runolfsdottir,20992,cesar.nicolas@hotmail.com,145,Lakin River,38,Lueilwitzbury,Idaho,United States,51109
Nigel,Wisozk,22824,terrell.koss@gmail.com,110,Ron Stravenue,11,Westhaven,Alaska,United States,92111
Bruno,Pfeffer,48591,syreeta.deckow@hotmail.com,4030,Bethel Ridges,45,Yanirastad,Wyoming,United States,65467
Melvina,Gutkowski,70700,rory.kilback@hotmail.com,21783,Palmer Run,7,Stephanfort,Virginia,United States,81625
Dave,Marks,84477,benjamin.heidenreich@gmail.com,92,Satterfield Parks,31,East Rodolfobury,Pennsylvania,United States,45219
Rudy,Okuneva,83320,marion.bradtke@gmail.com,74768,Sanford Hill,35,Lazarofurt,Georgia,United States,96180
Conrad,Yost,67238,ellan.carter@gmail.com,1856,Kuvalis Highway,31,Demarcuschester,North Dakota,United States,26467
Giovanni,Schimmel,11646,tyesha.littel@gmail.com,4937,Patrick Oval,81,North Kerrymouth,Hawaii,United States,85328
Raymon,Lynch,38322,oswaldo.becker@gmail.com,2427,Schroeder Courts,18,West Titus,Colorado,United States,93293
Marianna,Hansen,46612,tom.weissnat@yahoo.com,25392,Toy Union,90,Macbury,South Dakota,United States,55756
Christi,Sporer,15671,bradly.legros@hotmail.com,53532,Misti Plaza,82,Port Thalia,Florida,United States,26558
Sanora,Volkman,56146,mac.kirlin@gmail.com,32559,Cinda Inlet,38,East Lucius,South Dakota,United States,30641
Nicky,Langworth,94383,felix.cormier@gmail.com,76332,Huey Path,79,Port Betsey,Louisiana,United States,92885
Bettye,Green,61276,galina.wisozk@hotmail.com,9371,Arnoldo Pine,54,Graceport,Virginia,United States,33296
Stacey,Hane,22313,delsie.oconnell@yahoo.com,8552,Koch Garden,24,Ettaville,Louisiana,United States,21945
Tim,Goldner,19399,lucio.cummings@yahoo.com,21948,Teodoro Estates,72,New Raulside,Nebraska,United States,72228
Dale,Boyle,27385,valentine.hagenes@gmail.com,4620,Ruecker Radial,64,Breitenbergmouth,South Dakota,United States,97672
Johana,Kunze,49272,kent.brakus@hotmail.com,8633,Buford Ranch,29,South Larry,Michigan,United States,85085
Javier,Schinner,19860,otha.lockman@gmail.com,959,Williams Circle,25,Marksbury,Hawaii,United States,44413
Xuan,Kassulke,38137,edgar.cole@yahoo.com,60323,Farrell Crossroad,49,East Geoffreyhaven,Missouri,United States,34024
Noah,Mosciski,66589,kendra.considine@yahoo.com,45648,Benito Islands,63,Warnerview,Pennsylvania,United States,70082
Bethel,Kulas,98700,krystin.collier@hotmail.com,93269,Moore Corners,25,Zboncakbury,North Dakota,United States,72732
Porfirio,Barrows,38802,roman.welch@yahoo.com,33087,Yasmine Spur,86,New Isaiasmouth,Missouri,United States,21801
Douglass,Gutmann,42951,ruthann.hegmann@yahoo.com,330,Stasia Forge,62,Rohanhaven,Texas,United States,10095
Alvin,Lemke,37087,piper.klocko@yahoo.com,9301,Koch Walk,40,Lake Keenanton,Iowa,United States,98043
Whitney,Russel,52144,claudia.mraz@hotmail.com,6778,Tyron Highway,85,Beershire,Florida,United States,90540
Milton,Mohr,57043,jeffry.mann@yahoo.com,59309,Reyes Ports,39,Tonishaberg,Montana,United States,37666
Karima,Hilpert,99014,tifany.daniel@gmail.com,199,William Creek,71,Cecilyburgh,Arizona,United States,30476
Ramonita,Vandervort,12471,emogene.bernhard@gmail.com,15532,Bradtke Tunnel,29,Weimannberg,Missouri,United States,90004
William,Wisoky,45261,karissa.conroy@yahoo.com,4354,Walter Mills,44,Majorchester,Wisconsin,United States,59599
Josef,Hettinger,10466,miriam.nitzsche@gmail.com,96296,Cleo Lake,81,North Mairaport,Rhode Island,United States,49895
Detra,Kovacek,23578,clarissa.rolfson@gmail.com,1752,Mante Fall,89,Gaylordside,Minnesota,United States,89453
Kurtis,Dibbert,41997,serena.bechtelar@yahoo.com,119,Langosh Valley,41,Greenholttown,California,United States,37932
Emerita,Ondricka,79619,florence.robel@gmail.com,5334,Ebert Road,3,North Alanna,Oklahoma,United States,19821
Daria,Halvorson,21629,bulah.bechtelar@yahoo.com,825,Cruickshank Oval,79,Connellyhaven,New York,United States,64185
Shanita,DuBuque,87080,shay.kutch@hotmail.com,36111,Ziemann Mountain,21,Artside,Virginia,United States,79840
Judson,Rohan,76642,humberto.gottlieb@hotmail.com,22,Gail Prairie,27,Kanishaview,Rhode Island,United States,99477
Ike,Turcotte,27277,shannon.heathcote@hotmail.com,8258,Eugenia Freeway,4,Lake Theodore,Wisconsin,United States,43218
Tristan,Bosco,72501,jeff.jast@yahoo.com,9,Shirl Oval,3,Lake Hunter,New Hampshire,United States,21415
Greg,Frami,31617,jeffrey.rodriguez@yahoo.com,82171,Hayes Circle,81,South Millardside,Utah,United States,27025
Manuel,Gaylord,58496,rosaline.kris@hotmail.com,48060,Beatty Harbors,43,South Tama,Oklahoma,United States,92336
Marcellus,Hilpert,12148,leona.blick@gmail.com,7329,Allyson Drives,90,Lorenfurt,Vermont,United States,96996
Hollie,Boyle,42261,valentine.connelly@yahoo.com,6771,Eugene Spurs,63,Kraigville,Alaska,United States,31176
Dorsey,Heaney,16446,becki.schultz@yahoo.com,46595,Cristobal Mountain,27,South Ignacioville,Maryland,United States,25391
Estefana,Lockman,52482,jerrold.stanton@yahoo.com,1550,Keitha Falls,63,West Taina,South Carolina,United States,20716
Ferdinand,Lemke,31126,argelia.keeling@hotmail.com,952,Kautzer Freeway,55,North Alan,Massachusetts,United States,98212
Patrick,Kassulke,98226,luther.mraz@yahoo.com,8237,Eddy Court,66,East Gregoryview,Arkansas,United States,66898
Esteban,Veum,98316,darrell.mayert@yahoo.com,5008,Emilie Lakes,73,Toyland,Nevada,United States,70753
Jon,Wunsch,43264,azzie.lowe@yahoo.com,22549,Huels Cove,58,East Clair,Arizona,United States,95437
Jamel,Kuhlman,10833,jerrell.schumm@gmail.com,27950,Wiza Cove,53,North Shawannastad,Ohio,United States,88474
Gale,Weber,88871,ngan.stiedemann@hotmail.com,73313,Gaylord Center,12,Lake Marciahaven,Alabama,United States,65531
Else,Hettinger,26773,deonna.cole@yahoo.com,4314,Mariano Locks,25,Brittanieside,West Virginia,United States,21442
Armida,Stamm,54087,evan.herzog@gmail.com,75953,Eve Well,54,West Earnest,Hawaii,United States,66607
Ollie,Hessel,52023,valeria.thompson@yahoo.com,347,Sam Inlet,37,Port Dalia,New Hampshire,United States,52317
Thad,Jacobi,77877,val.gaylord@hotmail.com,848,Verline Summit,19,Gonzalomouth,North Carolina,United States,41524
Theodore,Shanahan,62443,reginald.lemke@yahoo.com,88890,Gerhold Pine,21,South Joeyshire,Maryland,United States,58034
Fallon,Breitenberg,92078,pennie.abshire@gmail.com,5397,Miller Trail,26,Arletteshire,Oklahoma,United States,56666
Grover,Stark,77969,tim.torphy@hotmail.com,6350,Gene Mountains,67,Port Doreneshire,South Carolina,United States,52375
Coy,Prosacco,41902,mitchel.streich@hotmail.com,21265,Damien Extension,69,South Giovanni,Florida,United States,97492
Kraig,Monahan,95935,sebrina.rogahn@yahoo.com,583,Shu Way,13,Borerside,Michigan,United States,11158
Elna,Ward,74987,jarvis.konopelski@gmail.com,511,Tanna Field,17,New Sonton,Connecticut,United States,39697
Branda,Davis,46001,antonia.sanford@hotmail.com,782,Gutkowski River,79,Lake Jerrold,Indiana,United States,84610
Kasha,Morar,27264,ronnie.denesik@gmail.com,81048,Mickey Wells,53,Port Elina,Tennessee,United States,38700
Odis,Armstrong,76191,naida.wiegand@gmail.com,10187,Bert Haven,46,Lake Gemashire,Vermont,United States,73225
Rudolf,Morissette,93345,suk.nolan@yahoo.com,2675,Wilford Union,9,Carrollshire,Louisiana,United States,55602
Gaye,Heller,37069,alla.hintz@hotmail.com,77617,Blick Stream,23,Parismouth,South Dakota,United States,94941
Foster,Senger,84683,ellis.harber@gmail.com,4140,Kuhic Rest,61,West Herta,Georgia,United States,20599
Darin,Weimann,76364,yon.towne@yahoo.com,76646,Latina Motorway,44,Weimannfort,Louisiana,United States,33852
Elly,Kris,34886,becki.mosciski@gmail.com,404,Kautzer Mission,16,West Bennett,Pennsylvania,United States,57837
Judie,Gislason,96867,julio.romaguera@gmail.com,6760,Junie Fork,46,South Gil,New Mexico,United States,45084
Markus,Greenfelder,50731,tinisha.welch@yahoo.com,601,Caroline Estate,20,Hartmannview,South Carolina,United States,80575
Vertie,Daniel,20042,enriqueta.lockman@gmail.com,11716,Sherry Flat,62,VonRuedentown,Georgia,United States,56000
Angelina,Harber,99534,sierra.smitham@hotmail.com,161,Maurice Crossing,21,Gislasonview,Mississippi,United States,56242
Remona,Mosciski,58829,conrad.gaylord@hotmail.com,2423,Jacobs Freeway,29,East Autumnside,South Carolina,United States,40616
James,Bogan,82571,lucio.schultz@hotmail.com,834,Howe Inlet,41,Millsbury,Kentucky,United States,16999
Shella,Paucek,26409,becki.will@gmail.com,483,Terry Valleys,20,West Darellton,Maine,United States,39839
Shanita,Senger,92877,angelique.olson@yahoo.com,90561,Newton Street,43,Gusmouth,Iowa,United States,20738
Andrea,Stark,81573,shannon.hartmann@hotmail.com,974,McLaughlin Lane,26,Jennetteshire,North Carolina,United States,15160
Wade,Wehner,79185,bo.gerhold@gmail.com,4881,Shields Valley,30,New Frankview,Georgia,United States,33739
Bobby,Fisher,64129,kum.krajcik@gmail.com,185,Don Unions,24,Westside,Montana,United States,45737
Tia,Schimmel,75361,shelby.vandervort@hotmail.com,10061,Graham Vista,43,Lake Olliemouth,Montana,United States,73498
Marvella,Fahey,30685,darin.beer@gmail.com,44,Leuschke Circle,21,Nevilleside,Arkansas,United States,60374
Jermaine,Schroeder,40341,royce.paucek@yahoo.com,3811,Ullrich Mall,23,Lake Lynnettefort,Nevada,United States,93656
Corrina,Beahan,96492,kimber.lesch@hotmail.com,724,Jin Green,6,Port Rheastad,Missouri,United States,89705
Jazmin,Gibson,80679,carlos.bode@yahoo.com,80370,White Parks,59,Port Ferminchester,Louisiana,United States,55922
Chance,Altenwerth,68042,bonnie.sporer@hotmail.com,25436,Dibbert Square,81,Port Shalonland,Rhode Island,United States,40025
Laurena,Grimes,60323,harold.swaniawski@hotmail.com,1913,Domingo Villages,38,Ottoport,Oklahoma,United States,18620
Asa,Legros,76457,joe.littel@yahoo.com,20699,Hartmann Camp,4,Lake Siobhan,New Hampshire,United States,36520
Richard,Shields,88215,raymon.okon@gmail.com,99168,Lehner Street,15,North Lauraleeberg,Kentucky,United States,78564
Emery,Adams,19147,louie.white@gmail.com,177,Rick Fords,4,Binsport,Maryland,United States,85457
Aurelio,Thiel,88981,francie.nitzsche@yahoo.com,8991,Latoya Islands,74,Howestad,Mississippi,United States,13988
Pat,McLaughlin,89134,douglas.wiegand@hotmail.com,964,Stokes Fields,36,Flatleyview,Colorado,United States,36539
Virgil,West,80925,dane.kunze@gmail.com,9625,Hintz Village,7,Lake Morris,Rhode Island,United States,34777
Darleen,Hane,81023,stanton.huels@yahoo.com,538,Quigley Crescent,1,Lake Jimmietown,Rhode Island,United States,73659
Michele,Schowalter,49819,marlyn.goodwin@yahoo.com,409,Schmitt Park,83,South Kiethborough,Washington,United States,12790
Graig,Lynch,79301,richie.pouros@yahoo.com,579,Hoppe Ridges,26,West Orethaland,Arkansas,United States,62326
Celsa,Brown,47720,alan.parker@gmail.com,3521,Corey Summit,25,Carissaborough,North Carolina,United States,58458
Dion,Bauch,35231,cira.kunde@yahoo.com,29754,Ruecker Court,20,Lake Seymourview,Colorado,United States,97322
Miquel,Grant,33238,vida.reichert@yahoo.com,11902,Doyle Camp,3,Port Luannehaven,Texas,United States,45440
Jason,Flatley,66746,miquel.schinner@gmail.com,83674,Ignacio Springs,65,Port Laverne,Maryland,United States,30429
Amie,Cruickshank,50808,cathie.johnston@yahoo.com,23138,Roscoe Pines,81,New Rico,South Dakota,United States,48451
Fe,Haley,30246,tommy.hermann@hotmail.com,998,Vernia Knoll,12,Port Joeyborough,Washington,United States,62795
Kelle,Stanton,58669,jackie.thompson@hotmail.com,236,Toccara Alley,89,East Marcel,Wisconsin,United States,96955
Jade,Pouros,37629,barry.pacocha@yahoo.com,4834,Nguyet Islands,47,Naton,Michigan,United States,37821
Issac,Gutmann,45356,wiley.casper@hotmail.com,6219,Langworth Parks,55,Robertoport,Maine,United States,67286
Harley,Bednar,80002,mauro.pagac@yahoo.com,852,Jewel Cliffs,65,Lake Louland,Louisiana,United States,32538
Freddie,Runte,57303,kyung.baumbach@hotmail.com,21254,Hilll Springs,60,Lake Lupe,West Virginia,United States,50374
Paulette,Heller,23368,reed.mohr@hotmail.com,69143,Tromp Road,32,Schusterfurt,Idaho,United States,30385
Roberto,Wiegand,88946,travis.cronin@hotmail.com,8814,Jule Stream,21,Lynelleborough,Ohio,United States,47112
Billi,Pfannerstill,27794,freddy.buckridge@gmail.com,8654,Charline Knoll,66,New Carolineton,Virginia,United States,17223
Otis,Kshlerin,94098,christoper.schulist@yahoo.com,863,Pfeffer Rue,22,Port Newton,Arizona,United States,16131
Lottie,Lueilwitz,87508,ozell.king@gmail.com,30277,Bryan Curve,49,North Verniaview,Hawaii,United States,51760
Ginny,Hoppe,24951,magdalen.waelchi@gmail.com,2839,Heather Manor,63,Sanfordfurt,Pennsylvania,United States,66661
Jonathon,Schmitt,56459,angelo.little@gmail.com,28852,Mann Drives,5,Port Nathalie,Georgia,United States,58789
Orval,Morissette,39052,pennie.torphy@yahoo.com,1368,Howe Mountain,17,Sidburgh,Kentucky,United States,99112
Candi,Will,88330,suzie.quigley@hotmail.com,8399,Braun Landing,43,Marcellusshire,North Dakota,United States,35784
Tammi,Konopelski,19058,gearldine.oberbrunner@hotmail.com,93529,Alesia Shores,17,Port Sheaport,Georgia,United States,55473
Rodney,Reynolds,57878,stanley.botsford@gmail.com,3321,Schamberger Ford,89,South Avis,Wyoming,United States,46638
Moon,Ortiz,60863,carmine.quitzon@hotmail.com,752,Mercedez Village,22,Shieldsmouth,Missouri,United States,29053
Joshua,Hammes,45294,eleonora.gleason@yahoo.com,61039,Jeramy Extension,70,Kaleighborough,Arkansas,United States,21828
Alexis,Metz,14764,shena.kunde@gmail.com,7580,Effertz Bridge,31,North Birdie,Hawaii,United States,29480
Shantay,Gusikowski,56594,alexandria.padberg@yahoo.com,153,Dean Tunnel,83,Lake Brandon,Ohio,United States,83836
Wilson,Murray,75579,nola.volkman@yahoo.com,2903,Elvin Pine,59,Stantonberg,Oregon,United States,10573
Jennette,Leffler,35830,wilber.dickens@hotmail.com,47622,Schiller Fork,87,East Kurtville,Florida,United States,98304
Marietta,Bauch,92927,jacqueline.feil@yahoo.com,20813,Theresia Forest,71,Port Will,Florida,United States,72429
Cherlyn,Lesch,44242,salvador.roberts@hotmail.com,339,Kreiger Ford,44,Boganhaven,Colorado,United States,72771
Tonisha,Orn,36513,grant.macejkovic@yahoo.com,752,Zboncak Camp,23,Faheyton,Indiana,United States,15683
Felix,Schaden,60439,lesa.bradtke@hotmail.com,9210,Graig Isle,29,North Pennychester,Indiana,United States,67776
Jake,Jacobi,35330,wilber.bogan@yahoo.com,18185,Ratke Locks,29,East Eric,Oregon,United States,41617
Cory,Balistreri,51727,merlin.lebsack@yahoo.com,9301,Jefferson Square,80,Sydneytown,West Virginia,United States,60102
Wilton,Lockman,29163,helen.koelpin@gmail.com,9564,Wiegand Spurs,66,West Gabriellashire,Vermont,United States,84097
Berry,Rowe,85243,bradford.hyatt@hotmail.com,3878,Nicolas Rapid,23,Bernadineport,West Virginia,United States,15615
Courtney,Raynor,10292,lavern.prosacco@gmail.com,5157,Lang Roads,79,Binsshire,Michigan,United States,65061
Tamara,Ernser,88002,earnestine.leannon@yahoo.com,3911,Deckow Prairie,11,Sebastianshire,Maryland,United States,49591
Rickie,Gottlieb,11279,jona.klein@hotmail.com,636,Sauer Locks,70,South Lauranfurt,Michigan,United States,72461
Darlene,Schulist,80003,guy.larkin@gmail.com,351,Swift Trail,53,North Budton,West Virginia,United States,39001
Ernie,Hilpert,32455,angelika.shanahan@hotmail.com,98802,Kutch Village,12,Chadwickland,Montana,United States,77474
Na,Cruickshank,87933,clementine.lowe@hotmail.com,6222,Gerardo Gardens,9,East Cherishland,Ohio,United States,36488
Loretta,Conroy,72656,wally.russel@hotmail.com,9217,Diamond Curve,86,New Kyong,Delaware,United States,37023
Gilbert,Steuber,76410,franklin.grady@yahoo.com,347,Bayer Junctions,44,West Kathyrn,Mississippi,United States,16799
Cassondra,Schamberger,77118,reuben.satterfield@gmail.com,72186,Derick Mills,26,Kasiechester,Minnesota,United States,80019
Beula,Witting,87743,fredric.orn@hotmail.com,254,Scarlet Via,77,Micahton,New Jersey,United States,76744
Marco,Kihn,51453,dominique.armstrong@hotmail.com,8453,Criselda Parkway,84,East Delmarfurt,Delaware,United States,84050
Lili,Luettgen,73198,huong.beier@yahoo.com,254,Hammes Mountains,77,East Brandy,North Dakota,United States,86948
Anibal,Schinner,57487,allen.tromp@yahoo.com,132,Frank Port,43,Port Shamikaport,Montana,United States,31007
Harley,Schaefer,31192,lael.kunze@gmail.com,2651,Funk Parks,19,Lake Ciaraland,Montana,United States,98653
Lenita,White,10255,bert.quitzon@yahoo.com,38804,Charlie Passage,58,Gleichnerbury,Arizona,United States,77010
Nick,Schoen,54241,hiram.shanahan@yahoo.com,43866,Ebert Roads,1,Port Shelbystad,California,United States,94965
Oneida,Ferry,27071,dewey.waters@gmail.com,793,Pollich Fords,35,East Shalon,Oregon,United States,47583
Denis,Moore,78215,karey.altenwerth@yahoo.com,7205,Franecki Ports,44,Olivermouth,Tennessee,United States,88863
Ike,Kuhlman,52135,angel.lowe@hotmail.com,2811,Rosenbaum Green,20,Mckinleyshire,Wisconsin,United States,64096
Monet,Sawayn,27940,francisco.davis@gmail.com,569,Schaden Ford,7,Lake Jake,Minnesota,United States,49187
Clinton,Konopelski,87545,kieth.gusikowski@hotmail.com,7386,Freddie Green,27,Lake Alinabury,New York,United States,61262
Earle,Donnelly,49531,kaylee.gleason@hotmail.com,9059,Kertzmann Inlet,8,Eleanoremouth,Colorado,United States,83478
Karl,Krajcik,69294,ross.rosenbaum@yahoo.com,339,Stella Views,23,Spinkaton,Colorado,United States,94915
Gilbert,Blick,11596,wilda.mccullough@gmail.com,85,Kuhic Fords,87,North Sierraton,Louisiana,United States,79610
Terence,Schamberger,22771,emmanuel.dickinson@hotmail.com,108,Hattie Fords,54,South Hildeport,Nebraska,United States,38518
Delpha,Green,35902,iesha.swaniawski@yahoo.com,984,Drew Ranch,7,New Bernardo,New Jersey,United States,92417
Lanita,Reinger,94665,mohammad.runolfsson@gmail.com,27984,Murray Ports,77,Diedrafurt,Ohio,United States,29908
Garry,Homenick,70543,monroe.leannon@hotmail.com,96638,Jacobi Centers,23,West Jeneport,North Carolina,United States,25263
Wally,Schroeder,47417,clinton.ruecker@yahoo.com,23191,Shanita Divide,21,West Oralia,Pennsylvania,United States,51419
Kathlene,Simonis,10997,otha.kohler@yahoo.com,669,Trey Rest,83,Kandicestad,Tennessee,United States,78474
Owen,Lockman,98722,kurtis.kiehn@yahoo.com,52024,Fadel Point,89,Kreigerland,West Virginia,United States,91920
Deshawn,Wolff,70979,guadalupe.kuhic@hotmail.com,9941,Bashirian Common,68,Lake Francischester,Oregon,United States,92832
Norberto,Schmidt,81940,danette.carter@yahoo.com,736,Moore Track,74,Port Xiaoland,Rhode Island,United States,80690
Clark,Goyette,31191,cedric.ullrich@hotmail.com,31229,Trantow Causeway,78,North Kaceymouth,Arkansas,United States,30202
Shaunda,Jerde,39727,jason.green@yahoo.com,1504,Daniel Tunnel,52,North Liberty,Connecticut,United States,56205
Mardell,Hettinger,38212,paris.brown@hotmail.com,3319,Janessa Pines,35,West Wayne,Vermont,United States,40182
Patrick,Cronin,21921,wilton.barrows@hotmail.com,823,Ruecker Estates,25,New Elroyborough,Kentucky,United States,44016
Marilee,Koelpin,17013,nieves.moen@gmail.com,8923,Greenholt Greens,33,Chongshire,Maine,United States,99190
Mohammad,Ondricka,52605,roselia.wolff@gmail.com,358,Leopoldo Walk,82,Cleliaton,Idaho,United States,77640
Domingo,Renner,96317,antonette.king@yahoo.com,6664,Madalyn Divide,3,East Le,Minnesota,United States,21085
Gail,Moen,79550,perry.gleichner@hotmail.com,281,Jakubowski Rest,7,Lake Winfordport,Kentucky,United States,57169
Michale,Vandervort,25906,garrett.quitzon@gmail.com,168,Stiedemann Valley,26,Bartolettihaven,Vermont,United States,59835
Yajaira,Predovic,62937,boyce.russel@hotmail.com,820,Goldner Skyway,36,Leifborough,Maryland,United States,93630
Virgie,Lehner,44377,rosalee.mckenzie@hotmail.com,361,Jacalyn Wall,70,Port Renatobury,Nevada,United States,42437
Vincent,Hartmann,47734,luciano.kreiger@gmail.com,null,Jacquelin Divide,70,North Breannaside,Vermont,Northern Mariana Islands,59429
Earl,Pouros,46275,hans.gerlach@yahoo.com,null,Rutherford Ranch,52,Marimouth,Nevada,Suriname,99614
Luke,Kilback,78500,brice.feeney@gmail.com,null,Artie Passage,85,South Jeffery,West Virginia,Malta,16962
Yun,Barton,62441,fanny.hessel@yahoo.com,null,Wehner Junction,73,Bradtkefurt,Maine,San Marino,52363
Derrick,Ledner,93335,malcolm.kling@hotmail.com,null,Kieth Manors,89,North Alexanderland,West Virginia,Tuvalu,29111
Vannessa,Langosh,87941,teddy.upton@hotmail.com,null,Lyman Parkway,21,Purdyton,North Carolina,Mongolia,60493
Shizuko,Funk,13899,phillip.funk@gmail.com,null,Milan Overpass,71,Meibury,Montana,Haiti,17857
Tyson,Auer,22228,luna.schamberger@yahoo.com,null,Dorris Run,67,New Gus,Colorado,Egypt,32325
Nestor,Langosh,87583,jacinto.mcglynn@hotmail.com,null,Alexa Circles,16,East Mieshaport,Alabama,United Kingdom,88307
Katia,Sporer,20918,nelle.yost@yahoo.com,null,Ratke Heights,51,Bartolettistad,Kansas,Micronesia,36031
Jospeh,Cremin,93871,olympia.aufderhar@yahoo.com,null,Hegmann Brook,33,East Ramiro,Kentucky,Belarus,29388
Kyle,Heathcote,33759,kellee.gislason@gmail.com,null,Kerluke Loop,78,New Dorsey,Utah,Bahamas,49136
Keneth,Runte,91427,amy.effertz@hotmail.com,null,Bergstrom Highway,51,Hayeschester,Colorado,Pakistan,23167
Lisabeth,McCullough,27168,jessie.pfannerstill@yahoo.com,null,Peg Trace,87,Greenfelderhaven,New York,Congo,23207
Sylvester,Kris,24057,adaline.fahey@gmail.com,null,Delphia Flats,43,Louiefurt,Nebraska,Russian Federation,32096
Heidy,Aufderhar,47799,vania.dickens@gmail.com,null,Dietrich Crest,65,Hoegerfort,Virginia,Malta,87503
Phil,Block,39606,kellye.hand@hotmail.com,null,Gerry Rapids,34,Klarastad,Nevada,Suriname,81100
Jannie,Lubowitz,78534,sherilyn.brown@hotmail.com,null,Kovacek Cliff,85,North Halinaport,North Dakota,Trinidad and Tobago,29727
Douglass,Boyle,70468,belen.mayer@gmail.com,null,Natisha Falls,70,South Octaviostad,Kentucky,Saint Martin,63608
Avery,Schiller,17137,jeannine.oconner@yahoo.com,null,Chas Meadow,49,Edmundofort,Indiana,Uruguay,88714
Kris,Renner,92652,vinita.konopelski@hotmail.com,null,Cremin Field,10,Deliciamouth,Nebraska,Eritrea,99310
Carletta,Kessler,13634,dollie.adams@yahoo.com,null,Betty Extension,7,Lesleybury,Massachusetts,Kuwait,92950
Taylor,Wunsch,36395,myles.kozey@hotmail.com,null,Dibbert Landing,77,West Brooke,Rhode Island,Faroe Islands,31135
Kim,Reynolds,22540,geraldine.rutherford@yahoo.com,null,Kautzer Well,1,Abbottmouth,New Jersey,South Georgia and the South Sandwich Islands,74698
Eugene,Hessel,33468,zola.walter@gmail.com,null,Medhurst Row,57,Seemahaven,Arkansas,Malaysia,26265
Carma,VonRueden,91960,leena.roob@gmail.com,null,Sanora Lake,66,New Gabrielberg,Maine,Bosnia and Herzegovina,12144
Marni,Hackett,79140,keren.mccullough@gmail.com,null,Olson Causeway,6,Portiafort,Kansas,Hong Kong,93750
Mia,Abshire,52755,rickey.windler@yahoo.com,null,Tamisha Roads,26,Refugioberg,Alabama,Cayman Islands,70830
Erna,Balistreri,15140,roman.stamm@gmail.com,null,Demetrius Squares,49,Wilkinsonfurt,New Jersey,Montenegro,93627
Wendi,Deckow,44337,eveline.heaney@yahoo.com,null,Jacques Land,16,Mohrstad,New Jersey,Guyana,35703
So,Luettgen,36453,rigoberto.lakin@yahoo.com,null,Ned Well,61,North Telma,Colorado,Netherlands,40988
Bradley,Robel,61345,rudy.tremblay@gmail.com,null,Ernesto Lane,78,Janethberg,Virginia,Lebanon,81335
Eartha,Christiansen,28761,azalee.kessler@hotmail.com,null,Herbert Alley,88,Port Katrina,Maryland,Papua New Guinea,14112
Doreen,Konopelski,44710,rodrick.cummings@hotmail.com,null,Lehner Ramp,40,West Clarisa,West Virginia,Ethiopia,53959
Eustolia,Schmitt,17529,jaqueline.spinka@hotmail.com,null,Laurinda Club,38,Cummeratafort,Alabama,Serbia,65182
Jaime,Bahringer,57987,sammy.harber@gmail.com,null,Javier Glen,78,West Martinburgh,Nevada,Saint Barthelemy,45393
Dewayne,Stoltenberg,12603,myesha.dubuque@hotmail.com,null,Isiah Ways,11,Bradytown,Kansas,United Kingdom,18015
Jc,Bode,67995,sabina.crooks@gmail.com,null,Israel Roads,29,Solbury,North Dakota,Tanzania,82027
Grover,Hessel,87179,dacia.crooks@hotmail.com,null,Jodi Hills,62,New Hector,Iowa,Guinea-Bissau,56737
Derrick,Macejkovic,78668,sharyl.macgyver@yahoo.com,null,Rebecka Hills,4,North Roslyn,Mississippi,Poland,81045
Raul,Leannon,55643,xochitl.keeling@yahoo.com,null,Alexis Greens,45,Port Teshamouth,Alaska,Trinidad and Tobago,16345
Jamar,Casper,85880,antionette.kulas@hotmail.com,null,Nolan Circles,86,Port Linhmouth,Virginia,Nicaragua,36357
Ismael,Grant,39586,monty.turcotte@hotmail.com,null,Gorczany Crossroad,15,Lake Soniaview,Minnesota,Guadeloupe,70915
Libbie,Davis,19950,jewell.macgyver@hotmail.com,null,Hudson Dam,32,Johnsonville,Tennessee,Swaziland,88756
Darrel,Klocko,11731,tabitha.bechtelar@gmail.com,null,Douglas Isle,71,New Robenaborough,South Carolina,Cocos (Keeling) Islands,86201
Kris,Mante,14985,yong.rohan@gmail.com,null,Brendon Stream,28,Langoshborough,Oregon,Moldova,50763
Sheilah,Jakubowski,76901,delmy.langworth@hotmail.com,null,Felicitas Circle,10,West Tarra,Oregon,Cambodia,23105
Renetta,Mohr,71393,theodore.hilll@hotmail.com,null,Schmidt Loaf,29,Stiedemannfort,Wyoming,Saint Barthelemy,91326
Annabelle,Green,56572,sharee.reynolds@gmail.com,null,Brekke Spring,79,New Arden,North Carolina,Saint Lucia,52616
Aron,Crooks,96400,hattie.armstrong@hotmail.com,null,Ellis Track,83,Lake Chrisville,Missouri,Libyan Arab Jamahiriya,30443
