transactionID,rfName,lrName,streetNum,streetName,apptNum,city,state,country,zip
40995,Loris,Satterfield,68869,Tessa Unions,31,Billieburgh,Wyoming,United States,12195
73475,Maryam,Ziemann,960,Paris Hills,87,Bayerbury,California,United States,11932
65136,August,Stehr,97606,Daisy Harbor,44,North Kington,New York,United States,88370
57417,Tanja,Kovacek,74260,McKenzie Hollow,30,Williamsonstad,Wyoming,United States,90397
39502,Rolanda,Hayes,6259,Hauck Shoals,61,Wolfmouth,Arizona,United States,28390
79671,Damion,Mosciski,24430,Gabrielle Ports,65,North Ebonyfurt,Montana,United States,60105
86153,Katherina,Towne,9650,Lanelle Burg,77,Garryberg,Iowa,United States,85270
85706,Guy,Dickens,284,Mohr Lodge,17,North Pete,Texas,United States,69447
28233,Sonia,Goodwin,76811,McCullough Trail,7,Funkmouth,Oregon,United States,82538
60161,Emelina,Wolf,665,Rodriguez Locks,57,Ronaldville,North Dakota,United States,43006
12431,Garrett,Kuhic,19375,Johnson Manor,6,North Horace,North Carolina,United States,83374
30288,Aubrey,Lowe,6690,Margarito Unions,59,Port Loganborough,Delaware,United States,51421
18087,Darron,Herzog,62112,Bechtelar Plaza,6,Billiechester,Missouri,United States,41730
23576,Hattie,Emmerich,607,Jacinto Fork,27,Desireshire,Nevada,United States,41936
78870,Angelo,Abbott,76942,Felton Mount,17,Metzshire,Tennessee,United States,68133
62581,Greg,Flatley,433,Nickolas Squares,88,East Jeannetta,Louisiana,United States,79944
53521,Edmund,Moen,813,Marcella Circle,15,Lake Luciusville,Arkansas,United States,97086
86307,Shavonda,Price,549,McClure Mountains,57,Port Jacqueville,South Dakota,United States,39952
22215,Ashleigh,Halvorson,119,Williamson Loaf,22,Port Cristobal,Missouri,United States,50979
65417,Issac,Ernser,6653,Ratke Harbor,65,West Thanhberg,Washington,United States,55898
82843,Ashlyn,Ankunding,85667,Brendon Port,16,Port Morgan,Maryland,United States,93866
60118,Heidi,Kautzer,2976,Cassin Land,24,Funktown,Maryland,United States,31257
61932,Scot,Rohan,4529,Shirley Highway,37,Windlerhaven,Rhode Island,United States,83442
14674,Jame,Willms,6174,David Ferry,77,West Jaredmouth,Massachusetts,United States,56844
72924,Russel,Kuvalis,72107,Jame View,88,North Irvinton,Alabama,United States,23099
42039,Charles,Haag,4176,Morissette Pines,40,North Katherin,Alabama,United States,19213
75057,Nancie,Feeney,1938,Champlin Orchard,46,West Valentine,New York,United States,32853
72572,Nigel,Cummerata,4331,Twanna Trafficway,17,Port Leon,Arkansas,United States,46195
81633,Annett,Hickle,2963,Wyman Ridges,84,Cruickshankhaven,Georgia,United States,57855
97015,Tyree,Kohler,19570,Hoa Fords,42,Lake George,Wyoming,United States,26081
72848,Shaun,Gleason,6807,Pagac Haven,49,Shonfort,Arizona,United States,10268
78239,Annamarie,Yost,91529,Boyce Street,34,Stoltenbergtown,Rhode Island,United States,24192
56291,Janina,Johnson,740,Antonina View,89,Hilllview,Alaska,United States,23252
47060,Rufus,Homenick,27619,Levi Expressway,41,West Lawanda,Maine,United States,44514
47165,Tabitha,Witting,46225,Kasey Row,74,Port Lisabeth,South Carolina,United States,71794
49027,Cory,Grant,42135,Maurine Cliffs,64,Sharleenside,Connecticut,United States,66084
32777,Stephen,Schmidt,93126,Sherill Underpass,49,Lake Stasiafort,South Carolina,United States,61771
54026,Lauri,Barton,35213,Ashli Shores,79,Willland,New Hampshire,United States,55920
57170,Lucie,Schaefer,5654,Mosciski Greens,6,Wizaton,Montana,United States,47878
67641,Lenny,Hettinger,749,Greenholt Grove,83,East Eusebio,North Carolina,United States,43254
48332,Peter,Mosciski,9,James Bridge,34,West Sookhaven,Wyoming,United States,68009
51904,Milan,Osinski,34528,Daryl Mountains,75,Kihnport,North Carolina,United States,63639
61105,Dion,Schowalter,150,Aundrea Crossroad,63,Torphybury,Idaho,United States,43276
23628,Brandon,Schaefer,7364,Kuhn Union,10,New Deestad,Idaho,United States,98481
11455,Darrick,Pollich,972,Korey Circle,18,Port Ayakomouth,Texas,United States,61295
38616,Lauralee,Runolfsdottir,455,Ruthe Ramp,56,Port Candie,Illinois,United States,26238
14705,Celia,Kautzer,8298,Runte Crest,30,South Moshe,New York,United States,62677
28511,Modesto,Lakin,402,Noriko Center,68,South Michelle,Connecticut,United States,41182
92174,Penney,Huels,64337,Schinner Estates,23,Joselynport,Maryland,United States,72539
60357,Jacque,Doyle,46521,Curt Crescent,64,Schmelermouth,Tennessee,United States,34908
86440,Mellisa,Gorczany,207,Rolanda Valley,26,East Sid,Utah,United States,38979
54484,Kimi,Gutmann,51494,Pfeffer Extension,21,South Bartonland,Virginia,United States,88399
57351,Donte,Koss,30646,King Stream,16,Marquardtborough,Washington,United States,66211
51792,Manual,Nicolas,84933,Hane Manor,13,East Robbin,West Virginia,United States,35503
80906,Donette,Turner,127,Corkery Fields,78,Port Tajuana,Kansas,United States,10079
72704,Sam,Grant,76598,Phillip Rest,55,New Harvey,South Carolina,United States,68925
11036,Millard,Carter,79,Quitzon Lakes,84,South Brantside,Wyoming,United States,77776
90333,Evelyne,Lueilwitz,682,Stark Vista,25,North Louisville,Alaska,United States,13172
98410,Loida,Leuschke,6271,Pete Dale,23,New Calistahaven,South Dakota,United States,46188
70431,Cristopher,Kilback,93475,Jones Vista,34,Filibertoland,West Virginia,United States,30914
22094,Troy,Schumm,66161,Darius Mews,84,North Armandina,Hawaii,United States,96202
74744,Clifton,Wilderman,771,Bins Glen,29,Lake Joetteborough,Pennsylvania,United States,11026
12897,Etsuko,Wunsch,27243,McCullough Cliff,89,Chrismouth,Connecticut,United States,28864
31614,Yael,Haley,596,Cole Fords,42,North Lauriceland,Montana,United States,66486
39667,Gilda,Grady,739,Jesse Isle,67,Sunhaven,Hawaii,United States,93989
78234,Julian,Baumbach,5637,Rosalinda Corners,78,Corlissburgh,Oregon,United States,78985
38239,Carli,Hodkiewicz,3428,Vandervort Land,84,Lake Vedahaven,Arkansas,United States,78762
97624,Harland,Lehner,9332,Elijah Canyon,51,Odellhaven,Oregon,United States,56858
42737,Albertina,Murazik,6004,Treva Points,48,Durganstad,Hawaii,United States,45349
98762,Erick,Rolfson,7509,Many Cape,17,South Delphia,Illinois,United States,83185
45276,Gino,Howe,186,Caroyln Meadows,49,South Jacqueston,Wyoming,United States,54723
37379,Dot,Davis,17465,Deckow Forges,25,East Majorie,Idaho,United States,82766
19413,Margarett,Lueilwitz,4726,Hauck Street,13,Petronilamouth,Kentucky,United States,14530
23946,Song,Hackett,546,Ernest Green,38,Port Kori,Indiana,United States,27445
87577,Maureen,Yost,62832,Minnie Mission,90,Audieport,Maine,United States,45237
68307,Azzie,Ritchie,97484,Shields Dam,41,Lueilwitzton,Washington,United States,98440
72443,Lela,Feest,3150,Beaulah Mills,35,Predovicside,Arizona,United States,96250
70053,Elden,Gaylord,9847,Sheryll Plaza,48,East Rosalindborough,South Dakota,United States,93214
55256,Madlyn,Abernathy,17075,Carroll Lock,85,Sabinehaven,New Jersey,United States,62646
71351,Chester,Schiller,14,Carrol Forest,49,Jaredfurt,Nevada,United States,52544
13048,Angie,Ledner,430,Lewis Ridge,45,North Deandre,Pennsylvania,United States,46772
10622,Johnson,Ruecker,998,Kip Junction,1,Larryland,Minnesota,United States,79359
54871,Irvin,Daniel,631,Feeney Spur,77,East Gustown,Wyoming,United States,96832
72308,Tanner,Dickens,54531,Schmitt Ford,45,Lake Jacquilineville,Connecticut,United States,28218
62402,Benjamin,Auer,588,Rolfson Rapid,84,Howebury,Missouri,United States,28664
95229,Jeffie,Quigley,32606,Jonathon Garden,60,Maland,Missouri,United States,68051
42688,Pauletta,VonRueden,8411,Sanford Mission,58,Dorothyburgh,Colorado,United States,72582
30655,Hilario,Erdman,17755,Winfred Trace,69,North Lacyberg,Alabama,United States,35907
11226,Mayra,Ferry,63609,Schiller Point,15,Daughertyberg,Maine,United States,40404
42114,Jessie,Pouros,7608,Renner Cliffs,30,North Eloyberg,Massachusetts,United States,49885
15780,Bok,Davis,85278,Shemika Street,24,Debrafort,Idaho,United States,27960
11307,Jarrod,Watsica,940,Renner Orchard,62,Ortizhaven,Nevada,United States,38493
44857,Miesha,Brakus,252,Beatty Hills,69,Dimpleville,Washington,United States,94536
93113,Danny,Russel,889,Van Curve,33,Kossborough,Idaho,United States,40760
12010,Vasiliki,Treutel,866,Sharie Cliff,43,Hirtheborough,North Dakota,United States,36559
62805,Sterling,Harris,727,Antonette Vista,88,Port Ariel,Minnesota,United States,49002
79808,Francesco,Crooks,2983,Spinka Cape,51,South Clairfurt,Nevada,United States,16196
65682,Lindsey,Haley,1860,Melani Freeway,69,Lake Conception,Indiana,United States,95238
29199,Ruthann,Powlowski,972,Kozey Spur,80,New Bryanville,Idaho,United States,25508
72635,Harlan,Carroll,5550,Royal Centers,37,Erminiamouth,Vermont,United States,41478
70559,Margo,Nader,45529,Braun Lights,29,Goldnershire,Utah,United States,42710
91496,Armando,Moore,9273,Alia Ford,41,Raphaelville,North Dakota,United States,38707
91787,Pat,Rosenbaum,9687,Billie River,55,Brekkefurt,Maine,United States,12728
27322,Emil,Armstrong,97731,Darwin Islands,29,Macejkovicport,North Dakota,United States,51367
53299,Brain,Kulas,8488,Nita Mount,38,North Collettestad,Nebraska,United States,90900
78150,Amber,Haag,8206,Marc Neck,80,Brakusfort,Utah,United States,47541
69045,Jamie,Lubowitz,3693,Howell Road,57,Ziememouth,Montana,United States,80321
82647,Alycia,Upton,27841,Grant Isle,60,Bufordville,Massachusetts,United States,72367
80037,Arden,Ullrich,30190,Bryant Ridges,85,Xavierberg,Nebraska,United States,16004
26920,Myron,Emmerich,218,Mertz Crescent,57,West Matildestad,Arkansas,United States,72122
87678,Vincenzo,Wiegand,46166,Marilynn Island,64,South Evangeline,Missouri,United States,47010
23998,Aura,Waters,84238,Kristofer Alley,81,West Edgardo,Michigan,United States,31825
88862,Hal,Lowe,87527,Tyrell Port,60,North Kristenborough,Virginia,United States,88346
23442,Adolph,Kshlerin,1123,Klein Coves,21,Jacobimouth,Montana,United States,34162
21348,Odis,West,19174,Schamberger Cove,28,Shandiborough,Washington,United States,39892
70821,Zulma,Hoeger,801,Rosa Prairie,40,Nataliafort,Kentucky,United States,73890
72991,Carey,McDermott,54,Weber Brooks,88,Jakubowskimouth,Tennessee,United States,97194
94618,Roscoe,Zieme,981,Regina Rest,35,New Ivory,Colorado,United States,57015
39488,Carson,Predovic,14011,Miller Ports,46,South Weldon,Nevada,United States,18424
61968,Desire,Lebsack,5093,Schiller Roads,50,Farrellmouth,North Carolina,United States,36406
39853,Aurelia,Wilkinson,90073,Solange Gardens,13,Jaclynburgh,Indiana,United States,45072
11766,Leonardo,Emmerich,8965,Kris Prairie,78,Wittinghaven,Arizona,United States,36948
57298,Benjamin,Bednar,878,Ernser Villages,87,Port Whitneyton,Utah,United States,36548
69833,Flavia,Robel,926,Aliza Haven,29,Spencerton,West Virginia,United States,50997
54298,Latonia,Monahan,8725,Cheyenne Estate,18,Paucekview,Ohio,United States,81046
31169,Dannie,Collins,314,Purdy Center,43,Lake Imogene,New Hampshire,United States,91516
70047,Elmira,Kris,129,Ellena Streets,42,Mathildehaven,Rhode Island,United States,73958
59529,Ashley,Stoltenberg,6545,Corina Knoll,7,West Erickport,Indiana,United States,58385
99420,Antwan,Olson,271,Pouros Creek,70,Rayfordberg,Kansas,United States,31101
88381,Seema,Bashirian,17137,Thompson Ville,45,Katiafort,Arkansas,United States,11499
53703,Lauran,Hyatt,92895,Jene Fall,41,Cruzville,New Hampshire,United States,15299
94359,Sindy,Koss,4650,Felipe Mountain,79,West Faustinomouth,Louisiana,United States,14063
66350,Rocco,Heidenreich,70281,Balistreri Ranch,56,Kevinville,Minnesota,United States,72720
24018,Beau,Becker,7569,Hilpert Brooks,65,Lebsackton,Florida,United States,55450
30083,Tianna,Considine,4892,Markus Inlet,61,Lucienfurt,New Jersey,United States,40182
53960,Enoch,Gottlieb,4200,Jae Fall,9,Lehnerport,South Dakota,United States,21246
44330,Angel,Tromp,40038,Quitzon Wells,3,Simabury,New York,United States,24712
94207,Kira,Wuckert,5017,Botsford Shoal,19,Konopelskihaven,Connecticut,United States,41855
14897,Allan,Nitzsche,55530,Kareen Ranch,74,Lindsaystad,Kansas,United States,73381
25152,Leona,Collins,224,Von Forge,64,Port Janita,Pennsylvania,United States,18356
65799,Dee,Kerluke,409,Purdy Corner,12,West Douglashaven,Oklahoma,United States,53124
26009,Melodi,Quigley,606,Reid Mission,78,South Glennview,Kentucky,United States,12634
30312,Ceola,Hodkiewicz,22574,Viviana Landing,88,Port Bradley,Oregon,United States,54945
91694,Star,Stehr,4131,Lemuel Keys,22,South Reneside,Rhode Island,United States,57269
48253,Morris,Franecki,34237,Howard Expressway,6,Lake Lindsay,Wisconsin,United States,27067
78915,Renato,Tillman,68917,Antoine Villages,68,East Kit,Texas,United States,51392
64968,Walton,Adams,2883,Cristopher Groves,76,Hayesfort,New Jersey,United States,64623
40247,Reynaldo,Kuhic,2838,Schuppe Mountains,28,East Sheryllport,North Dakota,United States,91894
44434,Willie,Murray,16568,Dalene Cape,82,North Marylyn,Delaware,United States,83292
49680,Wei,Maggio,692,Armstrong Heights,14,Steuberville,New Jersey,United States,98318
97526,Corinne,Watsica,332,Kathi Shoal,6,Port Roderick,Rhode Island,United States,57918
68391,Erich,Collins,565,Gustavo Burgs,65,DuBuqueshire,Illinois,United States,57799
34083,Emilio,Schimmel,1414,Edmundo View,69,New Elenechester,Colorado,United States,66368
90065,Quinn,Skiles,7318,Kuvalis Gateway,79,Bashirianberg,Rhode Island,United States,59976
14629,Luana,Emmerich,46323,Bergnaum Points,76,Lake Melodeeshire,Hawaii,United States,45541
64341,Toby,Emard,8134,Mitchell Stravenue,30,Kaleighshire,New Hampshire,United States,33248
95561,Micah,Lynch,412,Preston Ways,67,Port Jewel,Washington,United States,51158
92675,Annis,Stanton,1045,Rodriguez Manors,26,North Terryland,Ohio,United States,81312
90600,Charley,Goldner,7164,Geneva Cove,36,New Amberly,Washington,United States,18332
38666,Christopher,Bruen,31155,Hagenes Branch,59,Lorrettafort,Colorado,United States,63490
87514,Mitchel,Rolfson,84793,Marshall Center,43,Kraigfurt,Kansas,United States,11329
20633,Daniella,Kihn,588,Odell Brooks,88,Fredmouth,New Mexico,United States,88673
40709,Teri,Erdman,376,Reynolds Ridges,66,North Arielletown,Illinois,United States,43224
11600,Jarred,Roberts,831,Reyes Causeway,67,Deckowport,Virginia,United States,92981
62432,Robbie,Beer,5231,Billi Rest,13,Lake Carinamouth,Tennessee,United States,95350
46318,Rene,Cremin,6616,Blanch Tunnel,32,South Stephinehaven,Oregon,United States,62633
21192,Lanny,Kub,3109,Elizebeth Parkway,7,North Stephaine,Colorado,United States,83180
80908,Rolland,Bruen,14962,Keebler Cape,74,Anneborough,North Carolina,United States,10714
22546,Trinidad,Buckridge,416,Metz Walks,45,West Marjorie,Maine,United States,42936
65864,Benita,Cassin,963,Cindi Pike,30,Wiegandmouth,Connecticut,United States,99301
82592,Orpha,Heaney,59297,Wisoky Island,70,South Mona,New Hampshire,United States,26929
42937,Cedric,Schmeler,5514,Bethel Manor,43,New Dannielleside,Mississippi,United States,33405
39353,Brandie,Barrows,43,Leigha Coves,90,South Tadmouth,South Dakota,United States,35661
57894,Mike,Bartell,722,Parker Avenue,44,Cruickshankborough,Texas,United States,61328
36767,Edwin,Franecki,968,Fahey Parkways,82,East Kristopher,South Dakota,United States,11820
63264,Nelida,Lockman,70587,Gleason Circles,55,Erdmanshire,North Dakota,United States,58385
38552,Vera,Stroman,3909,Murazik Track,26,Carolineville,North Carolina,United States,37961
40930,Noe,Reichel,24453,Pacocha Rapid,10,Rodneyshire,Montana,United States,19077
90570,Yoshie,Moen,9201,Cartwright Cliff,52,North Vern,Alabama,United States,32003
91228,Elida,Jerde,31076,Bryan Shoal,60,East Daryl,Maine,United States,61624
56454,Shelby,Luettgen,9789,Kilback Fort,57,East Rebecka,California,United States,17022
76311,Toby,Reinger,339,Jacquline Path,87,Merlebury,Ohio,United States,66642
91311,Allen,McGlynn,874,Rau Junctions,8,Andresshire,Delaware,United States,12399
97211,Annalee,Gottlieb,6063,Merle Plains,83,Luciotown,Georgia,United States,90723
40576,Ezra,Windler,978,Ledner Bypass,77,West Krystenchester,Oklahoma,United States,79792
71116,Lyndia,Hamill,8530,Janie Pine,20,East Shadberg,Ohio,United States,61986
49548,Debbi,Grant,8617,Cecil Hollow,46,Kreigerhaven,Oklahoma,United States,59933
16292,Rolf,Ledner,79695,Todd Creek,84,North Genniechester,Alabama,United States,70540
77447,Hilary,Schmeler,671,Tuan Stravenue,69,Honeyburgh,Iowa,United States,16059
16457,Sidney,Smitham,2709,Mel Court,63,Robelburgh,Arizona,United States,22501
72769,Shirley,Funk,832,Jan Loop,51,Olsonhaven,Wisconsin,United States,14758
33391,Kyong,Howell,6929,Verlie Pines,15,Port Tyree,Delaware,United States,49260
12489,Kim,Hagenes,3492,Carey Summit,5,Ranaemouth,Michigan,United States,94903
57599,Carey,Ankunding,654,Margert Cliff,35,Sibylfurt,Connecticut,United States,69889
44061,Lewis,Vandervort,46796,Estella Curve,47,New Shelley,Wyoming,United States,75272
54100,Russel,Hartmann,69835,Siobhan Locks,43,Valentinashire,Wyoming,United States,18468
64526,Jane,Harris,5910,Ruecker Lights,14,Sipesberg,West Virginia,United States,89290
84629,Roberto,Walter,7684,Amos Crescent,41,Metzton,Texas,United States,79583
98175,Odette,Heller,86557,Archie Glen,12,West Allisonhaven,Alabama,United States,22185
45535,Jerald,Mraz,16766,Gregg Mission,81,Floydland,Maine,United States,17414
79972,Gabriel,Windler,497,Davis Streets,85,North Casiemouth,South Dakota,United States,50979
74463,Kirby,Borer,416,Kovacek Branch,6,Mahaliaside,Michigan,United States,34308
42847,Isabelle,Klein,866,Joyce Center,9,South Fredericaport,Illinois,United States,57966
41769,Jacques,Ratke,81607,Marvin Lodge,54,Bartonville,Arkansas,United States,19179
46067,Sol,Wiegand,24098,Franklin Stream,2,East Libbie,New Jersey,United States,35072
48678,Lorna,Schiller,33256,Mertz Camp,6,Trompview,New York,United States,82875
66108,Elidia,Durgan,4199,Berge Forge,45,New Grantmouth,Vermont,United States,42202
72447,Quintin,White,278,Bruen Mountain,42,Randolphview,North Carolina,United States,42206
92473,Leo,Mann,131,Noreen Ports,89,West Andreas,Maryland,United States,12545
47706,Margery,Hartmann,4570,Walker Road,6,North Edmundtown,Arizona,United States,85635
28324,Marisela,Kuphal,58,Feeney Summit,67,Erinport,Mississippi,United States,82710
93568,Marni,Weber,657,Merrill Lodge,44,Kshlerinfurt,New Jersey,United States,32302
70268,Angel,Douglas,233,Joann Crossroad,64,Careyside,Alaska,United States,36762
89414,Carlota,Lang,388,Adolfo Pike,78,West Caryl,Maryland,United States,49664
96827,Daisey,Bartoletti,728,Clinton Island,69,Bergeside,Wyoming,United States,76303
61291,Elwanda,Ferry,464,Jerry Parks,59,West Jamel,New Jersey,United States,42616
44569,Ida,Spinka,4,Chin Street,38,East Kenneth,Florida,United States,44754
29782,Michael,Medhurst,35010,Pfannerstill Haven,3,Port Brain,Utah,United States,85538
72431,Sidney,Parisian,3952,Crona Mountain,21,East Arianaview,Oklahoma,United States,58174
35013,Stefanie,Moen,570,Shanti Pass,84,North Tanyaville,Iowa,United States,12638
11591,Ardith,Mante,2848,McDermott Walks,83,Considineberg,Alabama,United States,66249
58824,Jackie,Haag,992,Kling Roads,30,Lake Linachester,Idaho,United States,73344
61452,Candi,Reilly,1243,Mardell Vista,52,Metzland,Texas,United States,36997
48417,Mitchell,Balistreri,660,Cassin Lock,10,South Hankview,Arizona,United States,30369
43016,Theresa,Prosacco,26885,Lubowitz Center,87,New Deon,Kentucky,United States,25584
41736,Maranda,Goodwin,556,Hane Throughway,20,New Freeman,Missouri,United States,75096
65571,Ellena,Gerhold,72060,Douglas Islands,61,Lake Derrick,Georgia,United States,34696
79180,Cole,Koepp,41706,Maye Loaf,74,Mitchland,Hawaii,United States,10319
90239,Hai,Gusikowski,15107,Stanton Light,11,Deweyville,New York,United States,50744
26156,Alexia,Luettgen,2939,Schmeler Pines,66,Emmerichfort,New Mexico,United States,15590
84612,Willy,Durgan,896,Verlene Forges,33,Boscochester,North Dakota,United States,46433
17002,Oliver,Hickle,4054,Schaden Spring,36,Scottyport,Alaska,United States,61932
28105,Shirley,Kuhlman,1257,Nubia Trail,36,South Franklin,Washington,United States,73570
85772,Marlin,Spencer,26299,Gutkowski Stream,37,Port Vallietown,Mississippi,United States,72537
33615,Asuncion,Kautzer,6349,DuBuque Village,67,New Reinaldoview,Missouri,United States,18045
94595,Thaddeus,Koelpin,288,Glover Lakes,68,East Luiston,Wyoming,United States,56267
53442,Katheleen,Ziemann,354,Wuckert Ports,59,North Jewellport,Indiana,United States,96221
87917,Dudley,Cartwright,19617,Ritchie Court,24,Krishnaland,Louisiana,United States,93212
25136,Shanita,Bode,557,Schoen Plains,86,Kubmouth,Kentucky,United States,77068
64434,Paige,Hyatt,94513,Conn Plaza,89,West Kraigmouth,Arkansas,United States,58965
26794,Merissa,Grimes,29719,Micah Inlet,35,Tamaport,North Carolina,United States,18153
81219,Earlean,Carter,683,Regena Island,64,Leifburgh,Arizona,United States,39871
42306,Raymond,Kilback,1691,Greenholt Stream,77,East Anglealand,New York,United States,79597
49659,Maura,Paucek,952,Cormier Pines,80,Demetriustown,Wyoming,United States,67602
39968,Garnet,Ondricka,2468,Harris Glens,73,West Yelenaton,South Carolina,United States,20076
93230,Wally,Ullrich,74894,Bartoletti Hills,55,Minview,Delaware,United States,62892
40019,Ronny,King,28652,Kory Orchard,52,Port Domoniqueshire,Florida,United States,67312
12899,Giovanni,Osinski,5,Erasmo Club,14,Port Felipafort,Florida,United States,65531
56362,Londa,Raynor,867,Thompson Circles,6,Lake Kamouth,Nevada,United States,98329
63919,Domenica,Upton,9327,Beahan Rest,74,Kelvinchester,Montana,United States,48129
18635,Ozella,Lueilwitz,6949,Noah Turnpike,23,South Wallace,Indiana,United States,67747
81250,Arden,Ullrich,2817,Marks Walk,90,Hermistonmouth,North Carolina,United States,83595
89013,Jeffery,Denesik,502,Man Drives,40,North Lorenmouth,Wyoming,United States,49620
58328,Valentin,Hand,6146,Fermin Mountain,5,New Dongchester,Maryland,United States,34007
77020,Ernest,Christiansen,86,Renner Stravenue,63,North Fayeport,Florida,United States,45684
31228,Moises,Ledner,1873,Chris Route,31,Moshechester,Alabama,United States,73739
48326,Yuko,Lakin,2494,Towne Lodge,90,Mauricefurt,New Mexico,United States,20511
81506,Felipe,Ratke,79389,Nestor Mission,81,Lake Rodgershire,Nebraska,United States,36507
21365,Albertha,Waelchi,7435,Kris Fields,28,Lake Rodrickberg,Missouri,United States,69615
21546,Samara,Littel,663,Jenkins Loaf,58,South Gidget,Missouri,United States,28954
61912,Teddy,Bradtke,69915,Carroll Fort,35,Connellyside,West Virginia,United States,85594
56383,Drew,Wilderman,722,West Port,39,West Stanleyside,Georgia,United States,17186
54297,Shaina,Feest,869,Pat Springs,85,West Vannessa,Alabama,United States,20853
40891,Willa,Yundt,832,Macejkovic Club,7,Port Leola,Missouri,United States,90561
67524,Mitchel,McClure,3627,Leon Inlet,19,Kshlerinfurt,Kansas,United States,85374
19878,Vanita,Wolf,398,Daniel Crest,68,Clarkberg,Utah,United States,50837
32883,Jared,Abbott,33550,Serena Tunnel,8,New Hattie,Alabama,United States,76124
93091,Kimi,Rogahn,6920,Krishna Views,16,Douglasport,Mississippi,United States,87297
65258,Ayako,Bogisich,8943,Auer Port,84,West Robertton,New Hampshire,United States,48301
96078,Heath,Stroman,465,Steuber Club,39,West Sharika,Vermont,United States,46980
14797,Donny,Rau,17363,Hector Fort,24,North Jaredmouth,Tennessee,United States,88054
53243,Wally,Blick,44874,Irvin Wall,19,Auerburgh,New York,United States,76794
78743,Reatha,Corwin,373,Robbie Stream,29,Herminabury,Michigan,United States,62474
87793,Chase,Cartwright,52292,Tamie Center,41,Bernardside,Connecticut,United States,30657
32021,Kesha,Boyer,638,Emard Plaza,88,Lake Borisshire,Colorado,United States,42686
74906,Caleb,McGlynn,66288,Bobbie Ford,52,South Ray,New Hampshire,United States,74364
79576,Emerson,Daniel,2367,Cole Viaduct,19,Lake Fernando,Missouri,United States,32262
40675,Palmer,Dooley,502,Wilmer Mission,6,Rowefurt,Indiana,United States,24149
89647,Jenniffer,Gusikowski,7913,Mittie Shore,31,Port Terina,Arizona,United States,50240
73598,Ami,Lesch,1949,Oberbrunner Forge,79,Port Davidton,Delaware,United States,73655
24617,Adolph,Dicki,7875,Feil Run,27,Powlowskichester,Connecticut,United States,67656
62484,Garfield,Feeney,30397,Isidro Cliffs,39,Predovicstad,Rhode Island,United States,70368
41114,Mozell,Daugherty,382,Jeanette Shoals,61,Baumbachchester,Washington,United States,60947
15292,Lynn,Champlin,1720,Schamberger Well,76,Wymanchester,New York,United States,26745
26217,Kelvin,Friesen,756,Yost Crossroad,44,Runolfsdottirside,Nebraska,United States,67157
93940,Kimi,Stiedemann,43256,Art Glens,12,Arnulfoshire,Virginia,United States,72644
83278,Reggie,Bradtke,62425,Cole Course,26,Walkerberg,Indiana,United States,58407
88196,Buck,Boehm,9977,Season Hills,81,South Kandiceborough,Mississippi,United States,49555
90218,Wan,Rowe,62506,Hamill Rapids,22,Okunevamouth,Mississippi,United States,50966
77770,Neville,Marks,9948,Williamson Lakes,28,West Cynthiaview,Florida,United States,27137
59126,Carroll,Gottlieb,434,Ozell Throughway,34,Willianborough,Georgia,United States,25265
42572,Cathi,Zieme,5263,Leandro Port,79,Port Gaston,Ohio,United States,43681
68952,Woodrow,Turcotte,893,Brakus Walk,66,Crooksport,New York,United States,10099
70855,Joannie,Wunsch,5438,Fadel Junction,73,Greenville,Pennsylvania,United States,76215
54065,Debra,Armstrong,51239,Wiza Highway,33,Lake Wilbertland,Hawaii,United States,40683
13719,Shad,Russel,5852,Will Motorway,26,West Kristopherland,Kansas,United States,37727
29844,Delma,Bartoletti,3272,Diedre Cape,37,North Lynelle,Massachusetts,United States,72426
62525,Rory,Reynolds,13520,Daniella River,11,Pfannerstillhaven,Wyoming,United States,12528
80149,Teddy,Wisoky,104,Leslee Crescent,23,Hesselside,Washington,United States,27718
69427,Lorie,Hermiston,88867,Konopelski Common,7,North Man,North Carolina,United States,23104
15977,Imelda,Rogahn,98836,Antonetta Lake,6,Lake Rosiaside,Oregon,United States,73668
30166,Many,Crooks,41372,Wiegand Isle,75,West Edmondhaven,South Carolina,United States,97873
99228,Leoma,Runolfsdottir,254,Deandra Mountains,55,Courtneyview,New York,United States,14133
86784,Billie,Dickinson,4562,Marvin Mountain,1,West Clarkborough,Colorado,United States,27487
33883,Sharyn,Leannon,1792,Gulgowski Rapid,26,Lake Valriechester,Texas,United States,61496
45740,Merlin,Heller,8393,Vincenzo Keys,90,Claudborough,Montana,United States,38153
65333,Reita,Dibbert,320,Rempel Valley,11,Koeppton,Virginia,United States,49857
78280,So,Hilpert,66083,Gerardo Pines,68,Windlerton,Massachusetts,United States,11080
50578,Leroy,Braun,2978,Pamala Road,68,Port Carlitamouth,Tennessee,United States,44664
60911,Linh,Romaguera,10325,Bauch Manor,34,North Vanettaborough,Arizona,United States,48817
19427,Alexa,Stroman,612,Schmeler Circle,62,South Hermina,California,United States,21129
27655,Carol,Bins,9559,Thersa Bypass,31,South Eddieville,Tennessee,United States,44257
94825,Jerrell,Jakubowski,292,Schamberger Vista,23,Lake Leigh,Alabama,United States,85872
44355,Jefferey,Pfeffer,918,Gutmann Fields,90,Paucekbury,California,United States,95158
73886,Teresia,Feeney,5966,Maggio Walk,34,South Arthurland,Connecticut,United States,38835
96572,Cherlyn,Waters,25787,Roxane Vista,4,West Jonathonborough,Tennessee,United States,57145
62724,Arie,Green,392,Wyman Ports,29,New Garfieldborough,Louisiana,United States,56255
44781,Brittanie,Hilpert,24355,Runolfsdottir Ports,21,Creminfort,West Virginia,United States,49450
13406,Ilona,Metz,7728,Sammy Prairie,10,South Pedroville,Idaho,United States,95930
98921,Antione,Casper,2141,Chris Lake,79,Port Myrta,Washington,United States,97184
83555,Sherrie,Hudson,84529,Kassie Passage,68,Port Ahmedview,Hawaii,United States,27950
83890,Dominic,Lindgren,554,Hamill Lane,46,New Basil,Minnesota,United States,53715
72109,Florencio,Koch,9894,Wolff Plaza,3,Kubhaven,Ohio,United States,40776
96682,Lindsey,Fisher,5281,Abbott Island,41,Port Troy,Delaware,United States,41923
45908,Emeline,Hyatt,8340,Lavern Freeway,79,Stacybury,Minnesota,United States,64103
98564,Maximo,Streich,76948,Fritsch Inlet,86,East Dwight,Pennsylvania,United States,48815
72148,Ty,Kovacek,72897,Borer Ford,34,Weshaven,Alabama,United States,68914
53098,Brendan,Ward,342,Daugherty Hill,79,Rodriguezview,Hawaii,United States,44329
19192,Thanh,Schroeder,482,Adriana Mission,90,Anitrashire,Arizona,United States,61572
63739,Britteny,Ferry,18185,Gillian Hills,17,Tobybury,Georgia,United States,31798
96496,Consuela,Mitchell,475,Jakubowski Green,66,Aleaseland,Missouri,United States,60663
56446,Domenica,Douglas,68577,Barb Terrace,10,Port Jerry,Oregon,United States,81823
60606,Meridith,Kuhlman,1462,Swaniawski Forest,88,Beahanshire,New York,United States,51614
55524,Beula,Bernhard,69015,Ernestine River,34,East Felton,Washington,United States,61774
76373,Leola,Franecki,588,Mitchell Trail,60,Nolanfurt,Ohio,United States,37727
81698,Antwan,Boehm,44,McGlynn Mountains,29,Christianmouth,Vermont,United States,24086
86207,Alana,Herzog,97983,Dickinson Roads,41,West Devon,California,United States,87599
95765,Monet,Lind,581,Alberto Lodge,68,Michelville,Utah,United States,33396
48969,Dana,Hilll,238,Abbott Creek,33,Lake Scottieport,Wisconsin,United States,21135
78417,Tyesha,Ziemann,786,Izola Ramp,7,Adolphside,Kansas,United States,49465
78907,Anitra,Klein,14961,Ngoc Cliffs,60,Pagacbury,Wisconsin,United States,52881
55856,Beryl,MacGyver,50601,Jones Brook,74,Tonieside,Louisiana,United States,58858
77936,Lucille,Rice,2023,Glover Isle,15,Vanburgh,Rhode Island,United States,88175
93021,Antone,Prohaska,78454,Ismael Loaf,86,South Janeeview,Michigan,United States,14108
74094,Juan,Mills,50335,Schulist Stravenue,73,West Waldomouth,Pennsylvania,United States,85664
84858,Genny,Jaskolski,1722,Darrell Run,64,Port Spencerburgh,California,United States,36192
18686,Yesenia,Borer,53626,Kemmer Mountain,21,Larsonfort,Maine,United States,64780
83821,Melodee,Anderson,81746,Un Mills,17,Littlefort,Arkansas,United States,77906
64449,Pearl,Robel,99462,Carola Oval,33,Lake Jenell,Florida,United States,82692
64477,Nakesha,Emmerich,330,Stamm Junction,82,Gottliebbury,Nevada,United States,95007
15287,Trevor,Zieme,11,Hagenes Crossing,24,Dwainport,Hawaii,United States,14775
30812,Dann,Koss,8537,Madalene Corners,3,Boehmmouth,Missouri,United States,49545
45114,Frankie,Schamberger,57393,Spencer Row,60,Zenashire,Ohio,United States,61120
64500,Chantelle,Kunze,59002,Smitham Squares,8,Port Eleanore,Indiana,United States,78089
34976,Zoila,Rogahn,8492,Dion Light,13,New Neda,Montana,United States,76239
78862,Britt,Homenick,89,Wilderman Cliff,67,Ziememouth,Georgia,United States,68072
51720,Lissa,Kling,90780,Kutch Via,78,Reaganton,Maine,United States,80912
15504,Donn,Ratke,597,Domingo Shores,27,Port Francisco,Pennsylvania,United States,76056
71815,Dinah,Hahn,8024,Otto Lake,8,East Stefanberg,California,United States,83697
51946,Altagracia,Abshire,90,Timothy Alley,52,West Harvey,New Hampshire,United States,44733
54690,Houston,Kertzmann,418,Alberto Common,76,Shericestad,South Dakota,United States,47984
51483,Steven,Erdman,763,Hessel Junctions,56,West Rosamaria,Minnesota,United States,11323
57048,Dee,Gerlach,1511,Jodi Union,15,Marvisfurt,North Dakota,United States,35533
56912,David,Yundt,948,Kub Road,34,East Azucena,South Dakota,United States,44669
52074,Bert,Sanford,14,Louis Drives,19,New Kimberleeland,New Jersey,United States,82974
99353,Halley,Dickinson,997,Glory Crossing,50,Starkfurt,Maryland,United States,66802
24562,Scottie,Weber,85427,Lubowitz Manor,65,Corwinburgh,Idaho,United States,45365
28072,Jake,Brown,104,Kihn Estates,56,West Nicky,Oregon,United States,53728
44239,Les,Keeling,1034,Pfeffer Freeway,73,Rennerhaven,Tennessee,United States,97493
73131,Joannie,Hodkiewicz,6323,Rippin Freeway,57,New Patria,New York,United States,55884
69257,Edgar,Yundt,5240,Krajcik Springs,17,Predovicchester,Alabama,United States,90900
87210,Rodger,Kuvalis,48165,Bernier Passage,69,Venitaland,Connecticut,United States,46257
33137,Jackie,Upton,500,Elvia Burg,41,Lake Billy,Virginia,United States,16089
13124,Zella,Schiller,550,Usha River,79,New Buster,Louisiana,United States,96133
46887,Rosario,Reichert,2641,Amberly Forges,50,Fisherburgh,North Carolina,United States,81029
74203,Piedad,Gleichner,9995,Grayce Glens,35,South Ramiroton,Maryland,United States,33462
40727,Ludivina,Ryan,8660,Shanahan Forest,20,East Jae,Michigan,United States,65006
13983,Darell,Bechtelar,50545,Bogisich Wells,41,Maryannfurt,North Carolina,United States,58478
52333,Bart,Kirlin,90329,Heaney Street,51,East Sam,Wyoming,United States,60870
40968,Virgil,Dickinson,9246,Huels Junctions,54,North Isa,Nebraska,United States,69833
10275,Aurelio,Kuhlman,2936,Krystina Crossroad,18,South Tamikaberg,Minnesota,United States,17127
35210,Nelly,Green,25228,Leroy Vista,62,Johnsonview,Texas,United States,77638
34276,Gertie,Watsica,417,Adrian Station,77,Ortizview,Washington,United States,47243
44536,Melisa,Bahringer,391,Feil Turnpike,49,Lake Brianton,South Carolina,United States,63666
28925,Rolf,Roberts,429,Glover Unions,68,New Cherelletown,Connecticut,United States,60693
93829,Morgan,Kuvalis,831,Gleason Centers,62,Parisianfurt,New Hampshire,United States,88127
20904,Desirae,Nader,63804,Mraz Wells,15,Arnitatown,New Hampshire,United States,58350
58878,Lisa,Gottlieb,238,Simonis Extension,75,Jewelstad,California,United States,95181
28904,Erick,Lowe,8097,Jamison Square,85,Ingeshire,North Dakota,United States,81482
92298,Evelina,Okuneva,5431,Meghan Rapid,36,North Filiberto,Rhode Island,United States,94650
42470,Clement,Cummerata,34995,Cyrus Rest,23,Raynormouth,Maine,United States,30080
39262,Charley,Nitzsche,6446,Luettgen Camp,8,Gaylordton,Arizona,United States,32124
53278,Blondell,Roberts,75043,Mueller Hill,74,McLaughlinland,Montana,United States,79981
34485,Whitney,Kessler,1082,Lyndon Course,52,New Iola,Ohio,United States,14925
25840,Arlean,Turner,6192,Denisse Coves,66,New Erick,Tennessee,United States,68581
88939,Gayla,Bogisich,1653,Cleo Skyway,21,Lake Erinchester,Massachusetts,United States,41098
70014,Herb,Watsica,1486,Schoen Plains,8,East Reinaldotown,Texas,United States,87646
67250,Belen,Fadel,80036,Wyman Plains,6,Jimmyland,Oregon,United States,64277
67076,Margit,Gleason,4177,Carlos Grove,4,North Allenhaven,West Virginia,United States,44085
40905,Kathline,Auer,30814,Frances Vista,68,Bechtelarland,Massachusetts,United States,92647
60863,Charis,Dooley,780,Danilo Shoal,28,Port Joeyfort,Mississippi,United States,54649
83388,Elba,Schulist,80881,Quintin Bypass,27,New Hollisburgh,West Virginia,United States,24631
42239,Stella,Cremin,437,Denesik Circle,76,Joitown,North Carolina,United States,39857
61649,Graig,Toy,114,Delmer Coves,15,East Yukobury,North Carolina,United States,17417
47560,Charla,Rowe,96541,Senger Track,25,New Lavinia,New York,United States,64627
99616,Gary,Kris,52098,Oberbrunner Ranch,61,Felipamouth,Arizona,United States,31544
40226,Tracee,Goodwin,2761,Joetta Hollow,36,Herzogmouth,Wisconsin,United States,20958
64003,Shila,Bradtke,7708,Aracely Shore,23,Monahanfurt,California,United States,44414
12197,Trinidad,Auer,35070,Lesch Crossing,12,Lake Frederick,Nevada,United States,43557
11222,Markus,Reichert,759,Tad Fort,6,Lazaroshire,Maryland,United States,16572
52341,Alessandra,Rutherford,677,Quitzon Mills,7,Kathrinefurt,Illinois,United States,23223
45551,Honey,Kessler,511,Stanton Corner,30,South Bethanie,Texas,United States,51184
75220,Emil,Gerhold,121,Elden Streets,9,West Merlynhaven,Massachusetts,United States,58920
61102,Efren,Wilkinson,1192,Walter Grove,85,Franciscoberg,Tennessee,United States,72771
94498,Aurea,Bins,51629,Lucina Ways,16,Jarvisville,Alaska,United States,55544
94462,Jose,Kulas,87628,Bauch Centers,40,East Juliannburgh,Arizona,United States,81233
57064,Genny,Bogisich,2640,Shields Squares,84,North Johnathanberg,Kentucky,United States,63467
51958,Bryant,Denesik,587,Willms Manors,60,Lake Marsha,Washington,United States,51990
72288,Xenia,McGlynn,838,Joe Pine,24,Cristopherside,Iowa,United States,80835
37047,Rich,Douglas,1313,Genia Trail,65,South Vickyhaven,Texas,United States,44135
93221,Aracelis,Jones,348,Kutch Lock,50,New Patriaberg,Minnesota,United States,45893
84628,Leora,Larson,738,Easter Valley,54,Gutmannfort,Georgia,United States,84671
55255,Hank,Daniel,981,Bernhard Crest,42,Port Becki,Virginia,United States,32215
84464,Solomon,Schneider,547,Nicolas Vista,73,Willmston,South Dakota,United States,80674
90296,Shondra,Sauer,489,Marcos Brook,8,South Hoytview,Maine,United States,73287
94274,Jonas,Mueller,756,Meridith Throughway,17,New Kiley,Mississippi,United States,65070
12182,Ernesto,Windler,2695,Carmina Brook,28,Gregoryburgh,Hawaii,United States,26732
73121,Angelita,Witting,16852,Ruby Flat,47,Kassulkeland,Indiana,United States,71244
63211,Lavera,Kreiger,33445,Huey Port,50,Pilarview,Hawaii,United States,75888
60046,Alyce,Mohr,9363,Tillman Greens,3,Lorastad,New Jersey,United States,17149
68655,Lanny,Ullrich,168,Ruthann Freeway,7,Stromanburgh,Nevada,United States,83549
41448,Federico,West,46959,Swift Ways,58,West Moses,Washington,United States,24968
41558,Linnie,Considine,234,Moore Flat,55,North Jefferson,Virginia,United States,71138
11103,Maryetta,Beier,49785,Parker Haven,77,Andersonhaven,Illinois,United States,30224
83284,Aaron,Hane,84551,Shelton Point,68,West Rufusport,Michigan,United States,15904
29330,Vergie,Bauch,584,Bettyann Crescent,16,Quigleymouth,Colorado,United States,56187
68901,Beula,Lakin,3429,Upton Glens,51,North Eliaston,Nebraska,United States,30528
47254,Ethelene,Pouros,9868,Schneider Glens,21,Schoenfurt,Rhode Island,United States,25060
30578,Nelia,Rohan,40347,McLaughlin Junctions,55,East Kris,Colorado,United States,59649
80240,Lee,Upton,4921,Kub Trail,31,Ethanside,North Dakota,United States,63197
76393,Daron,Reichert,42761,Homenick Ville,76,Hilllbury,Idaho,United States,51516
45654,Joan,Reichert,896,Weissnat Islands,85,Montymouth,Montana,United States,35356
42510,Anabel,Kirlin,5713,Runolfsdottir Well,53,West Gilda,California,United States,51268
64403,Silvia,Abshire,19344,Simonis Lakes,86,New Caseyfort,Arizona,United States,80759
96363,Marion,Moore,468,Ruecker Groves,15,Schaeferstad,North Dakota,United States,68930
11727,Darron,Runolfsson,726,Robt Ports,34,West Alex,Maryland,United States,52870
11870,Margret,Crooks,31391,Mirtha Glens,55,North Pedroton,Nebraska,United States,80375
78080,Vonda,Murray,99313,Domenica Radial,68,Sherrimouth,South Dakota,United States,58388
42061,Deonna,Kihn,88994,Eddie Fords,21,Bartonland,Utah,United States,98963
30172,Glayds,Corwin,56154,Torphy Lake,56,North Dexterborough,Oklahoma,United States,56320
93410,Gerry,Schneider,6939,Louis Harbor,33,Wolfmouth,Missouri,United States,79661
98918,Oscar,Hammes,795,Bogisich Squares,74,New Lemuel,Georgia,United States,45675
90365,Faustina,Schaefer,48,Donnell Summit,8,Port Lewis,Alaska,United States,17811
51846,Josue,Torp,89780,Altenwerth Lodge,29,Port Bernard,Indiana,United States,33523
67021,Warren,Kiehn,79214,Maynard Rue,74,Herzogstad,Alabama,United States,18162
28338,Cornelius,Jacobi,2588,Berge Hollow,18,Nienowside,New Hampshire,United States,95552
57006,Latrisha,Bauch,315,Murray Dam,23,Sheldonland,Vermont,United States,93563
73110,Tressie,Jenkins,9853,Hintz Mills,33,Nicholasville,Washington,United States,27896
11639,Bennie,Hauck,3256,Stacy Burgs,50,Emikobury,South Carolina,United States,31658
26980,Billy,Hayes,792,Cathy Mountains,85,New Juniemouth,Maryland,United States,16130
82350,Elvis,Feil,42539,Garret Lights,69,Lake Virgiefort,Mississippi,United States,37433
43511,Hyacinth,Lindgren,3452,Koepp Lake,73,Marquardtshire,Arkansas,United States,13504
46777,Donald,Crist,22,Benito Islands,71,Bayerburgh,Minnesota,United States,46536
86745,Demetrice,Brown,211,Walsh Alley,52,Bashirianton,Oklahoma,United States,53888
80872,Xavier,Jacobs,46987,Jodie Cliff,58,Xiomaraview,Texas,United States,40007
10480,Desire,Baumbach,8434,Bryant Summit,44,New Earlmouth,Arizona,United States,39991
80742,Dyan,Kunze,334,Block Port,23,West Leonormouth,Wyoming,United States,51999
91481,Lauren,Greenholt,564,Miller Curve,67,East Romeohaven,New Jersey,United States,50326
84029,Concepcion,Sipes,8580,Christinia Hollow,15,West Dariusshire,Maryland,United States,59202
97738,Cristopher,Prosacco,5681,Hilaria Mews,52,Port Leanna,New Jersey,United States,22560
70301,Johnie,Braun,2841,Nicolette Points,32,Montybury,Alabama,United States,99617
63914,Dorla,Stroman,102,Dorinda Fields,41,East Thanhville,Maryland,United States,67925
52370,Brendan,Sauer,57632,Jules Bypass,88,South Odell,Maryland,United States,60108
68218,Mitch,Wiegand,354,Bahringer Mountain,54,Kianaberg,South Carolina,United States,79940
94590,Jacquelin,Bernier,7827,Mohr Walk,21,East Mayland,New York,United States,93563
31964,Danita,Goodwin,103,Rohan Mountains,39,Kristinland,Montana,United States,43616
92603,Brande,Bahringer,320,Klein Road,14,Westville,California,United States,64646
80261,Jamika,Hand,104,Strosin Island,49,Wesleyshire,North Carolina,United States,77109
58505,Dann,Roob,969,Stanford Haven,46,Howellmouth,Vermont,United States,90139
55877,William,Sauer,915,Hessel Cape,87,South Delciemouth,Kansas,United States,55653
81590,Freddie,Schuster,6956,Ferry Vista,51,Williamsland,Maine,United States,74208
58270,Morton,Spencer,926,Graham Wall,11,Luettgenville,Texas,United States,97217
24695,Joan,Hayes,99211,Miguel Spurs,75,East Bula,West Virginia,United States,21323
90349,Ginette,Ruecker,27556,Izetta Fork,8,Boscomouth,Montana,United States,81530
75038,Jae,Bernier,59067,Dorthy Union,43,Lake Jennyshire,Utah,United States,19430
73330,Karole,Cormier,861,Daniel Island,59,Port Angelicahaven,Connecticut,United States,37907
69762,Jerold,McKenzie,18830,Nelia Courts,44,Changtown,Kentucky,United States,74901
39620,Glenn,Johnson,9050,Pacocha Overpass,36,North Markchester,North Carolina,United States,58933
54231,Marina,Kihn,751,Oberbrunner Islands,64,Feilborough,Delaware,United States,98501
73403,Danny,Bosco,627,Qiana Greens,56,South Lynetta,New Jersey,United States,20208
25842,Chuck,Sauer,5441,Casper Plaza,21,South Lakesha,New Mexico,United States,92084
99567,Melodie,Graham,5789,Kulas Highway,9,Port Thanh,Kentucky,United States,95655
29287,Wilbert,Wisoky,3753,Connelly Junction,55,South Janettamouth,Pennsylvania,United States,79826
89784,Fredda,Block,9374,Tawny Bridge,1,North Leola,Arkansas,United States,90489
39400,Seymour,Pouros,5644,Olson Shoals,31,South Camihaven,Delaware,United States,69781
34933,Emilee,Hermiston,3782,Michel Glen,42,Greenfelderton,New Jersey,United States,20884
75159,Davida,Bechtelar,39770,Rolfson Ramp,67,Tamekaton,New Mexico,United States,25879
24865,Logan,Goodwin,41773,Cole Mission,3,Veronaside,Iowa,United States,45218
27989,Chery,Gerhold,27312,Lizabeth Canyon,53,Curthaven,Illinois,United States,64038
65261,Sherley,Greenholt,9643,Weimann Mountains,86,East Myles,California,United States,46282
81513,Enola,Osinski,1918,Fay Isle,57,North Roosevelt,Pennsylvania,United States,39835
10636,Blaine,Stracke,817,Will Dale,41,South Joel,Missouri,United States,83250
37039,Shavonda,Okuneva,230,Russell Club,21,Antoinefort,Delaware,United States,78864
15517,Pauline,Frami,817,Romaguera Lake,19,Collierberg,Delaware,United States,42204
62736,Julissa,Morar,412,Annika Extensions,48,South Leonelbury,Massachusetts,United States,76235
26138,Joe,Kuhlman,913,Kiehn Streets,55,Tabethaberg,Minnesota,United States,63097
84579,Inge,Langosh,528,Frami Plaza,70,Dorianmouth,Texas,United States,43816
37531,Lan,Harber,933,Koss Course,57,Rickeyberg,Maine,United States,48382
73770,Tia,Koepp,87308,Abshire Street,30,South Tiffanietown,Kansas,United States,38323
93731,Garret,Dickinson,64421,Cartwright Club,76,North Reyesmouth,Hawaii,United States,75732
18617,Nevada,Kuhic,4265,Harvey Lakes,6,Port Sharylmouth,New York,United States,97985
92988,Markus,Streich,7580,Greenfelder Glens,2,Lake Anneliese,Maine,United States,63475
84678,Chet,Wuckert,16123,Marvin Trail,8,Kristinaville,Wyoming,United States,51989
10143,Dion,Durgan,387,Metz Cove,48,Faustoshire,Pennsylvania,United States,25928
92314,Corie,Braun,124,Stiedemann Center,28,Volkmanmouth,Rhode Island,United States,61119
19849,Raymond,Fadel,32,Spencer Circles,30,East Pennyburgh,Hawaii,United States,21579
82575,Franklin,Ernser,3245,Predovic Meadow,84,Ronville,Ohio,United States,95786
94027,Carlo,Howell,7522,Langworth Union,12,Lloydview,New Jersey,United States,87006
73451,Herman,Ratke,26278,Goldner Tunnel,8,Dachhaven,South Dakota,United States,24115
24759,Claretha,Roberts,112,Schowalter Land,29,Port Laverneton,Missouri,United States,37691
81390,Rex,Hirthe,4440,Randa Trafficway,4,Ismaelside,Maine,United States,10188
38328,Lowell,Stark,7641,Howell Plaza,1,Schimmelburgh,Washington,United States,51855
28246,Todd,Tillman,40261,Hills Coves,2,Naderburgh,Mississippi,United States,59506
13420,Genoveva,Weissnat,3591,Talitha Field,79,Parisianmouth,Virginia,United States,98292
39141,Yvonne,DuBuque,5842,Lera Groves,27,South Rolando,Nebraska,United States,22692
92242,Hsiu,Upton,370,Bogan Freeway,63,North Mathew,Kansas,United States,46118
92192,Keely,Robel,197,Johnson Rapids,66,Auerhaven,North Carolina,United States,38224
18703,Deangelo,Kub,911,Schroeder Port,35,Mellissaborough,New Mexico,United States,50981
71927,Latosha,Gutmann,7039,Malena Motorway,74,East Simone,Maryland,United States,87147
60715,Makeda,Bayer,2970,Eduardo Loop,28,Raymondechester,Mississippi,United States,18522
20924,Cyndy,Strosin,43756,Brent Park,39,Mardellburgh,Wyoming,United States,41747
61517,Shakira,Beahan,1637,Cummings Green,5,West Johnna,Maryland,United States,26497
85199,Michael,Effertz,79349,Jenkins Station,16,South Emeline,Minnesota,United States,82136
21524,Dee,Roob,1405,Norman Centers,12,New Lilianberg,Massachusetts,United States,72438
93013,Lurline,Hintz,120,Benito Trace,32,Kleinmouth,Missouri,United States,97455
94597,Angie,Wilkinson,146,Wisoky Turnpike,49,Joelstad,Alabama,United States,15583
20128,Jimmie,Schroeder,8018,Barry Crossing,47,North Jeannamouth,Virginia,United States,27187
77428,Chadwick,Toy,451,Valentin Landing,36,New Stevieport,North Dakota,United States,26588
40670,Jarred,Bailey,63116,Roob Field,60,North Bonghaven,New Jersey,United States,25762
50948,Aldo,Schroeder,46894,Filiberto Gardens,41,West Raphaelshire,Nevada,United States,65276
34391,John,Hammes,7760,Mante Trail,80,East Alessandra,Kentucky,United States,35927
87685,Ingeborg,Heidenreich,694,Letha Parkway,70,New Cornelius,New Jersey,United States,98008
23892,Mimi,Walsh,48410,Evelynn Underpass,50,Errolborough,Mississippi,United States,28042
25062,Donte,Murray,996,Charles Ports,43,Brendanburgh,Arkansas,United States,16165
10578,Darell,Stanton,8294,Coreen Summit,2,Effertzmouth,New York,United States,42116
76975,Heriberto,Lehner,876,Cremin Mountain,58,Port Russ,Georgia,United States,71483
53898,Marilou,Johnston,832,Bernier Island,13,Jonville,Oregon,United States,60846
97008,Ned,Kuhlman,6769,Goodwin Mission,78,Brownland,Alabama,United States,88330
87339,Harold,Morissette,4685,Gorczany Centers,18,Lake Ivan,Virginia,United States,18041
47366,Dayle,Bartoletti,20962,Arturo Camp,77,Julianfurt,Utah,United States,96898
30224,Max,Quigley,821,Sauer Hollow,41,North Gonzaloport,Connecticut,United States,76354
10656,Lue,West,332,Pamela Coves,86,Lake Ginetteton,Georgia,United States,75880
49953,Kindra,Hills,49976,Shaquana Branch,33,East Ednaton,Ohio,United States,31866
20826,Marita,Nader,154,Russel Plaza,61,Albinabury,Missouri,United States,58644
42268,Loyd,Daniel,806,Carter Mills,82,Klingbury,Alaska,United States,66346
31267,Edward,Muller,478,Krajcik Throughway,60,Madalenestad,Vermont,United States,86931
19288,Miquel,Leuschke,1026,Kristine Mews,31,West Rollandfort,South Carolina,United States,64014
15459,Lavada,Bergnaum,3198,Kessler Ways,50,Port Fredrickstad,Arkansas,United States,68647
37435,Titus,Rolfson,28,Hettinger Ridges,70,North Audry,Virginia,United States,99136
93389,Arnetta,Fritsch,83,Gerlach Land,22,Port Rey,Minnesota,United States,49857
26076,Brant,Hayes,123,Bradtke Shores,3,Zulaufberg,Pennsylvania,United States,61109
49924,Elna,Streich,92575,Adelaida Heights,31,Albinafort,Arizona,United States,92241
20587,Vito,Schneider,621,Casper Mission,25,Donnellyborough,Massachusetts,United States,81559
43430,Jamaal,Hodkiewicz,491,Everett Summit,14,Wallyborough,Kentucky,United States,58341
21631,Maxine,McCullough,3205,Jong Pike,28,Hodkiewicztown,Connecticut,United States,25639
83057,Jeannetta,Windler,73236,Jenkins Shores,29,Prosaccobury,New Hampshire,United States,56199
77321,Gerardo,Moen,769,Kertzmann Plain,66,East Ryannport,New Hampshire,United States,42516
85682,Myles,Schoen,7030,Glenn Meadows,10,Port Aisha,South Dakota,United States,29980
44764,Porfirio,Strosin,1307,Krystin Springs,9,Wittingville,Missouri,United States,97576
95808,Ressie,Powlowski,298,Jarrod Green,78,Sanoratown,Florida,United States,14793
27529,Jacquline,Dare,96823,Spencer Port,66,Effertzmouth,Georgia,United States,61679
63042,Synthia,Mueller,922,Lindgren Estate,74,North Eustoliahaven,Louisiana,United States,28115
29803,Dick,Wyman,3417,Valeri Well,80,Valeriburgh,South Dakota,United States,87312
49273,Augustine,Kling,97,Torp Turnpike,67,Eneidastad,Colorado,United States,41751
62289,Nakia,Rau,850,Tesha Via,90,Greggton,Oregon,United States,16519
20940,Holly,Pouros,45368,Lashonda Vista,34,Lake Bronwyn,South Dakota,United States,48749
27395,Dario,Grady,88153,Ashly Grove,2,New Adrieneborough,Maryland,United States,58392
13067,Alfred,Hintz,607,Brakus Throughway,64,Roweburgh,New Mexico,United States,89101
90826,Kerry,Goodwin,614,Pfeffer Mountain,3,East Silashaven,Massachusetts,United States,75346
40568,Signe,King,15473,McGlynn Plaza,38,Tenishamouth,Idaho,United States,97775
38463,Ronald,Williamson,88558,Emmerich Village,37,Handhaven,Arizona,United States,55593
12278,Terry,Wehner,6268,Brenton Ferry,32,Guadalupeborough,Louisiana,United States,37282
25523,Justin,Carroll,638,Dara Path,61,Kunzeport,Vermont,United States,48326
81579,Niesha,Conn,452,Batz Mission,10,Ettieshire,South Dakota,United States,64346
75047,Louis,Schumm,24118,Donnell Circle,23,East Ingrid,Oregon,United States,84805
33795,Yessenia,Harris,4625,Judson Curve,31,East Whitney,Arizona,United States,24908
65062,Dorsey,Dicki,45,Aida Lane,15,Adamborough,Texas,United States,41145
79201,Waneta,Wisoky,233,Elise Garden,15,Pearlychester,Utah,United States,74323
10334,Tiana,Wuckert,571,Swaniawski Green,23,Reynaldaville,Texas,United States,96193
63205,Hosea,Skiles,820,Bogisich Loaf,80,West Sheena,Pennsylvania,United States,29371
20548,Edwina,Schimmel,6636,Kihn Vista,55,Jacindamouth,Montana,United States,12201
57165,Dewitt,Kunze,60181,Kunde Islands,79,Diegofurt,South Carolina,United States,65596
19573,Jeannette,Bogisich,28434,Mayer Landing,80,Teodoromouth,Kansas,United States,78253
64591,Jackson,Cronin,94640,Bryce Lakes,33,East Carolyne,New Hampshire,United States,48562
84733,Rolande,Lind,1090,Lakia Shoals,30,East Delmyshire,New York,United States,72592
28468,Silva,Rath,2381,Hermann Forks,73,Veumchester,Michigan,United States,14759
74536,Cherilyn,Lind,51409,Price Island,80,South Williamshire,Colorado,United States,29684
11283,Zonia,Weimann,1252,Brakus Brooks,33,East Zonafort,South Dakota,United States,54363
69733,Desmond,Hoeger,3963,Malcom Forge,52,South Nanciton,West Virginia,United States,53024
91405,Marcelina,Shanahan,694,Rosenbaum Rue,50,New Gayeburgh,Missouri,United States,57008
51744,Alonso,Schumm,43344,Borer Vista,66,New Yessenia,Idaho,United States,57048
98152,Ena,Yundt,16173,White Vista,37,Gutmannport,Delaware,United States,74786
67328,Eugene,Muller,95133,Hoeger Islands,34,Port Rainafort,Kentucky,United States,33817
40949,Angel,Walker,74809,Weissnat Path,19,Port Morgan,Washington,United States,92054
35387,Nam,Cummerata,8,Kip Lights,63,Dickinsonbury,Alaska,United States,26316
29830,Santa,Schaefer,532,Kuvalis Course,28,South Dillon,Arizona,United States,41023
69475,Bert,Stokes,78436,Miller Shores,30,West Rebbecafort,Hawaii,United States,96783
23251,Michal,Batz,676,Hand Forest,39,Nicolaschester,Michigan,United States,88707
31419,Valrie,Russel,42311,McCullough Mission,49,Owenstad,Tennessee,United States,31070
89312,Felipa,Auer,2978,Collier Heights,13,New Bernie,New York,United States,31503
29366,Taneka,Boyle,87414,Ullrich Cove,58,New Noah,Missouri,United States,20761
25296,Michaele,Considine,92921,Elvera Views,89,Olsonchester,Alaska,United States,37964
38582,Jordan,Kohler,10818,Batz Plaza,37,North Josefinachester,New Jersey,United States,49111
65971,Asley,Koss,5733,Dudley Run,73,McDermottmouth,Illinois,United States,43702
58730,Halley,Dare,26137,Pfeffer Overpass,45,Corwinmouth,North Carolina,United States,52095
32153,Irwin,Upton,350,Parker Summit,72,West Berniecetown,Idaho,United States,13803
80298,Tequila,Gerhold,6216,Conn Harbor,86,Dickiberg,North Carolina,United States,79364
12678,Leland,Yundt,79,Freddy Forks,70,Schaefermouth,Oklahoma,United States,22394
77047,Madlyn,Casper,158,Stracke Point,35,Corkerystad,Arizona,United States,88980
99569,Jeanie,Dach,9173,Cathleen Turnpike,6,Littelhaven,Minnesota,United States,40658
82245,Preston,Romaguera,929,Tremblay Ramp,12,West Brain,Montana,United States,31084
87527,Mignon,Emard,5,Hulda Causeway,1,West Anthony,Oregon,United States,11478
68627,Rashida,Dooley,13,Little Wells,76,Reingermouth,Oregon,United States,83370
49632,Lang,Hintz,82941,Rowe Knoll,61,Gerlachview,Missouri,United States,42057
36693,Eden,Grimes,14,Hailey Rapids,28,Port Lowellside,Tennessee,United States,57918
27903,Lore,Zulauf,729,Melvin Mission,36,Josephport,Minnesota,United States,45054
50373,Malcolm,Kub,656,Robin Port,79,Lake Arielfort,Wyoming,United States,53478
97171,Gene,McGlynn,656,Royce Causeway,12,West Lacreshatown,Oregon,United States,74604
60467,Bo,Romaguera,5844,Parisian Drive,14,Mayertburgh,Wyoming,United States,14498
56623,James,Nader,800,Emilia Ferry,15,Kerlukefurt,Delaware,United States,14773
39626,Maximo,Greenfelder,76294,Janise Creek,12,Port Elwoodton,Arkansas,United States,25751
42398,Hoyt,Ryan,4154,Nitzsche Gardens,81,Port Isaiahhaven,Kentucky,United States,32551
31777,Bernadine,Pollich,1892,Sol Mills,74,Thuside,Maine,United States,53001
65466,Mandy,Purdy,43157,Mason Roads,72,East Tarenside,Idaho,United States,72997
20574,Edwin,Cummings,4608,Goldner Highway,12,Kulasport,Pennsylvania,United States,21213
24195,Ali,Rau,14,VonRueden Village,71,Rowechester,California,United States,94556
70404,Sharyl,Jacobs,52893,Rath Manor,10,Mckenzieshire,Georgia,United States,60919
83462,Myron,Pfeffer,28546,Sherly Shore,29,New Fernandahaven,North Dakota,United States,90773
16656,Titus,Parisian,43921,Lauren Landing,54,Harrismouth,Hawaii,United States,36704
98285,Tamiko,Jerde,70,Eddie Bypass,38,New Daren,Ohio,United States,98239
98264,Corey,Kris,281,Joana Trafficway,50,Huberttown,North Carolina,United States,17334
90388,Tommy,Runolfsson,84798,Kent Way,17,Lueilwitzfort,Alaska,United States,71369
84004,Marcelo,Oberbrunner,592,Laila Route,57,Luraton,South Carolina,United States,17024
48175,Donnette,Harber,4578,Gale Shores,81,East Haroldfurt,New York,United States,55521
26370,Reed,Leuschke,80,Elmo Extension,34,Reillyberg,Arkansas,United States,36953
56624,Rowena,Koch,51189,Millicent Key,26,Lake Dewitt,New Mexico,United States,37804
27802,Tomas,Murphy,477,Talia Causeway,31,West Raleighburgh,North Dakota,United States,78726
76034,Raymon,Boyer,300,Skiles Rapids,67,Austinmouth,Nebraska,United States,44902
29661,Tiesha,Hyatt,8165,Robel Unions,20,Kerlukeside,West Virginia,United States,44029
72043,Jean,Hackett,51523,Meaghan Valleys,28,West Dierdre,Virginia,United States,16576
91950,Emerson,Howe,4007,Rutherford Isle,77,Port Kelvinborough,Indiana,United States,71744
86453,Art,Emmerich,7078,Reid Fords,57,Errolland,Michigan,United States,23932
52587,Randal,Windler,5249,Brakus Spring,21,West Jasperstad,Alabama,United States,73646
22637,Miguelina,Weimann,797,Kunze Manors,49,Wendellside,Ohio,United States,20038
71475,Clifford,Hagenes,72605,Meryl Expressway,61,Ryanstad,Florida,United States,56050
69494,Ofelia,Prosacco,4178,Lala Lights,82,Trinityberg,Georgia,United States,94029
75845,Delicia,Gulgowski,6206,Runte Island,24,Hassanmouth,Kentucky,United States,45548
94621,Tiffaney,Berge,523,Dayle Islands,24,North George,Iowa,United States,77919
23004,Terence,MacGyver,3885,Roberts Bridge,9,West Art,Oklahoma,United States,73122
14337,Marcus,Bednar,477,Cinthia Land,88,South Santoside,Louisiana,United States,73570
60830,Jayne,Raynor,1970,Brakus Summit,55,East Darylbury,Virginia,United States,94643
62757,Lonny,Marvin,10923,Grady Square,16,West Theola,Maryland,United States,29936
76619,Alberto,Treutel,834,Bruen Drive,71,North Melia,Iowa,United States,77129
18370,Clementine,Lakin,693,Hammes Trafficway,84,Huelmouth,Tennessee,United States,85559
22021,Cecille,Stroman,15008,Trenton Alley,14,South Josefineview,Maryland,United States,61755
16179,Ulrike,Littel,58128,Doretta Shores,22,Theronmouth,Tennessee,United States,69886
88242,Tyler,Cole,222,Claud Street,51,Bergnaummouth,Massachusetts,United States,40338
68387,Miles,Skiles,37,Jaime Cliff,46,Ronnaside,Kentucky,United States,42204
68631,Doris,Feeney,9697,Mikel Garden,64,Mannville,Kansas,United States,69185
88929,Kirsten,Schultz,2618,Kenny Branch,51,South Michel,Michigan,United States,30904
71913,Ebonie,Rippin,60954,Breitenberg Overpass,75,Port Emileburgh,Florida,United States,76874
67987,Bryant,Schowalter,25305,Isabelle River,71,South Nikiland,Utah,United States,22226
29798,Etta,Grant,8117,Rubin Hollow,35,Calvinfort,Oregon,United States,91148
11436,Eleanora,Hilll,881,Dalton Drive,40,West Johnie,Michigan,United States,54897
12581,Roxanne,Kohler,68143,Tobi Circle,85,North Georgine,California,United States,89328
14288,Samella,Roberts,40764,Tim Ranch,39,South Johnson,South Carolina,United States,74402
35674,Wendi,Ortiz,1184,Jerde Ferry,65,Deckowshire,Hawaii,United States,32712
18966,Lakendra,Quitzon,9555,Crooks Route,10,Kuhlmanport,Kentucky,United States,16375
11205,Mui,Welch,3142,Keebler Neck,7,Hartmannton,Minnesota,United States,27715
75607,Arnulfo,Braun,84425,Bosco Rapids,5,Meriborough,Ohio,United States,80848
23355,Isa,Bergstrom,8740,Raynor Extension,57,Port Hyeborough,North Dakota,United States,68128
28372,Douglass,Schuppe,5600,Metz Expressway,88,East Patriciashire,Delaware,United States,21749
38835,Nohemi,Gorczany,33130,Willms Corner,8,Port Esther,Minnesota,United States,13368
78552,Cecila,Kreiger,7802,Louis Parkway,14,Lake Cameronshire,Wisconsin,United States,61845
85253,Tiana,Bauch,63891,Schulist Loop,85,South Elouiseville,Kansas,United States,95773
94390,Brad,Gislason,2465,Hammes Skyway,74,South Jonahport,North Carolina,United States,50376
61135,Oscar,Hilll,561,Jacobson Causeway,72,East Dominique,Georgia,United States,12426
76653,Cammy,Schaefer,325,Dietrich Field,40,South Lindseychester,West Virginia,United States,18925
28615,Linwood,Friesen,44212,Funk Estate,73,Port Vincenzo,Oklahoma,United States,12262
41864,Valerie,Stokes,11820,Padberg Throughway,22,East Sherylborough,Michigan,United States,44141
14746,Nancee,Mertz,9118,Rogahn Square,51,New Mozell,California,United States,67050
92502,Will,Gibson,9570,Ethan Ranch,59,Quitzonport,New York,United States,40452
25220,Henry,Gutmann,4074,Thaddeus Crescent,74,East Benton,Hawaii,United States,91785
65806,Isiah,DuBuque,8959,Toy Knolls,46,Mohrmouth,Iowa,United States,40625
80009,Karen,Metz,71720,Oberbrunner Course,8,New Danborough,Kentucky,United States,25261
51694,Sandra,Bartell,771,Yasuko Drives,13,Farahmouth,Mississippi,United States,49019
17814,Kai,Medhurst,9457,Ricardo Isle,24,South Jamesburgh,South Dakota,United States,40232
68017,Ozella,Tillman,99010,Quintin Square,70,South Minhshire,Minnesota,United States,53523
78518,Floretta,Towne,2159,Nicolas Knoll,43,South Ricardostad,Pennsylvania,United States,38178
13691,Milo,Donnelly,93084,Octavio Fall,2,Lake Clemmie,Utah,United States,15112
35489,Luci,Jacobs,null,Boyd Courts,89,Parkerview,Nebraska,Japan,85764
19132,Kenton,McGlynn,null,Stoltenberg Groves,89,Kingville,Arizona,Tajikistan,11683
97039,Aleida,Sporer,null,Stevie Fork,15,South Lizzettestad,Tennessee,Mali,68331
58134,Whitney,Kuhn,null,Kilback Summit,29,Carrollside,South Carolina,Belarus,64304
42879,Billy,Rowe,null,Dach Point,24,Emmalinefurt,New Hampshire,Kiribati,41300
51845,Lanita,Fay,null,Corwin Drive,24,West Luann,Hawaii,Monaco,24182
86428,Mozella,Funk,null,Gutkowski Keys,64,Florentinaview,Alaska,Luxembourg,25570
39899,Emilio,Johnston,null,Rodrick Plaza,39,Port Dominiqueland,North Carolina,Estonia,23189
48147,Vern,Streich,null,Goldner Shoals,23,West Mira,Louisiana,Malta,21934
39358,Chauncey,McGlynn,null,Herta Lakes,41,West Moisesbury,Iowa,Morocco,48886
29346,Shari,Stehr,null,Russel Hollow,30,Port Wadefort,Texas,Belgium,86162
26557,Mack,Lynch,null,Celsa Common,67,Port Chadwick,West Virginia,Djibouti,38734
68896,Walton,Grant,null,Bertram Wells,17,Boyerville,Hawaii,Dominica,78651
24139,Gino,Labadie,null,Pagac Circle,55,Humbertomouth,Wisconsin,Serbia,46236
11337,Ted,Jones,null,Cleo Heights,26,Virgiemouth,Montana,Denmark,53803
13473,Sol,Adams,null,Lindgren Harbors,23,Starkmouth,California,Thailand,84443
94305,Lilla,Huels,null,Labadie Extension,22,Hermanmouth,Louisiana,India,65688
19076,Gregorio,Fay,null,Goyette Bypass,72,Lubowitzhaven,Nebraska,Falkland Islands (Malvinas),10017
95131,Aron,Watsica,null,Jayson Branch,70,South Laverne,Maine,New Caledonia,79861
11186,Ula,Buckridge,null,Kling Stream,61,Williamsonville,Louisiana,United States of America,83283
84993,Lisette,Wiegand,null,Bradtke Road,9,Vickyborough,Maine,Zimbabwe,42526
89090,Joel,Quigley,null,MacGyver Curve,85,New Ferdinand,Mississippi,Taiwan,42804
87972,Riley,Ankunding,null,Jesus Mill,20,Sporerberg,Washington,Saint Lucia,46756
65831,Elba,Lynch,null,William Circle,57,West Fletcherside,Rhode Island,Svalbard & Jan Mayen Islands,63787
48556,Toi,Howell,null,Eldridge Haven,79,Lake Angelica,Georgia,Gambia,13277
63422,Prince,Nienow,null,Corrinne Trail,20,South Carol,Mississippi,Northern Mariana Islands,81647
73700,Thomasine,Fisher,null,Boehm Fields,66,Smithamberg,Maryland,Falkland Islands (Malvinas),45614
23394,Cristopher,Marvin,null,Ellsworth Fort,33,Stefanyberg,Alabama,Grenada,90658
53012,Eric,Schinner,null,Wilburn Lock,18,Littelton,Kansas,Puerto Rico,13484
52902,Lester,Doyle,null,Bryant Crest,43,Lake Donchester,Connecticut,Faroe Islands,47656
93124,Lura,Bergstrom,null,Werner Plaza,82,Grahamstad,Tennessee,Congo,21488
56121,Sid,Funk,null,Kelly Points,50,New Sunny,Rhode Island,Antarctica (the territory South of 60 deg S),43714
48886,Indira,Steuber,null,Ramon Park,57,Port Rosario,Minnesota,Puerto Rico,26873
93292,Rogelio,Wintheiser,null,Lind Cove,42,Vandervortborough,Alaska,Egypt,12989
49170,Salvatore,Pacocha,null,Cristopher Well,67,New Charlinefort,Nebraska,Guinea-Bissau,62788
62523,Tom,Wintheiser,null,Rory Inlet,11,Odisstad,Massachusetts,Northern Mariana Islands,45120
70590,Mario,Turner,null,Marks Greens,21,Port Lincoln,New Jersey,Svalbard & Jan Mayen Islands,42381
20142,Garnett,Mills,null,Rowe Green,78,Lake Eustolia,Minnesota,Burundi,45495
58000,Doreatha,Nienow,null,Arlene Shoals,90,Shaneport,Wisconsin,Saint Kitts and Nevis,94395
31341,Leroy,Schroeder,null,Batz Locks,67,Bradtkeville,South Carolina,Niue,86690
18984,Steven,Romaguera,null,Rowe Wall,85,Port Clark,Kentucky,Denmark,76996
92984,Lanny,Hermann,null,Kanesha Throughway,8,Lake Harry,New Mexico,Uzbekistan,52759
33713,Vania,Lynch,null,Rodriguez Lakes,84,West Odilia,Texas,Portugal,93983
81061,Elda,Welch,null,Lise Stravenue,40,Wintheiserchester,Illinois,Congo,16982
82535,Nona,Lesch,null,Schmeler Glens,17,Adelinaview,Texas,Luxembourg,50366
70100,Oralee,Ledner,null,Monahan Roads,57,Lake Ernie,Louisiana,Ghana,25864
69600,Man,Green,null,Boyce Shoals,59,Lake Shirlborough,Indiana,New Caledonia,59960
52107,Marica,Brakus,null,Jewell Field,71,Lehnerborough,West Virginia,Georgia,57329
55001,William,Conn,null,Hoppe Well,85,New Reinaldo,Kansas,Chad,44071
84398,Hiram,Green,null,Mariano Fords,14,North Milda,Virginia,Guinea-Bissau,28663
